Processing Zendesk event type: zen:event-type:ticket.brand_changed
Processing Zendesk event type: zen:event-type:ticket.custom_status_changed
Processing Zendesk event type: zen:event-type:ticket.form_changed
Processing Zendesk event type: zen:event-type:ticket.agent_assignment_changed
Processing Zendesk event type: zen:event-type:ticket.submitter_changed
Processing Zendesk event type: zen:event-type:ticket.priority_changed
Processing Zendesk event type: zen:event-type:ticket.subject_changed
Processing Zendesk event type: zen:event-type:ticket.comment_added
Processing Zendesk event type: zen:event-type:ticket.type_changed
Processing Zendesk event type: zen:event-type:ticket.created
Processing Zendesk event type: zen:event-type:ticket.status_changed
Processing Zendesk event type: zen:event-type:ticket.requester_changed
Processing Zendesk event type: zen:event-type:ticket.sla_policy_changed
Processing Zendesk event type: zen:event-type:ticket.description_changed
Processing Zendesk event type: zen:event-type:ticket.group_assignment_changed
Processing Zendesk event type: zen:event-type:ticket.tags_changed
Processing Zendesk event type: zen:event-type:ticket.comment_added
Processing Zendesk event type: zen:event-type:ticket.comment_added
Processing Zendesk event type: zen:event-type:ticket.description_changed
Processing Zendesk event type: zen:event-type:ticket.group_assignment_changed
Processing Zendesk event type: zen:event-type:ticket.type_changed
Processing Zendesk event type: zen:event-type:ticket.custom_status_changed
Processing Zendesk event type: zen:event-type:ticket.created
Processing Zendesk event type: zen:event-type:ticket.form_changed
Processing Zendesk event type: zen:event-type:ticket.priority_changed
Processing Zendesk event type: zen:event-type:ticket.requester_changed
Processing Zendesk event type: zen:event-type:ticket.status_changed
Processing Zendesk event type: zen:event-type:ticket.submitter_changed
Processing Zendesk event type: zen:event-type:ticket.subject_changed
Processing Zendesk event type: zen:event-type:ticket.sla_policy_changed
Processing Zendesk event type: zen:event-type:ticket.brand_changed
Processing Zendesk event type: zen:event-type:ticket.agent_assignment_changed
Processing Zendesk event type: zen:event-type:ticket.tags_changed
Processing Zendesk event type: zen:event-type:ticket.comment_added
Received webhook request
Received webhook request
Received webhook request
Received webhook request
Received webhook request
Received webhook request
Received webhook request
Received webhook request
Received webhook request
Received webhook request
Received webhook request
Received webhook request
Received webhook request
Received webhook request
Received webhook request
Processing comment added event
Processing ticket 13 with comment 12540903929615
Requester ID: 12540857350543
Skipping comment from requester
Received webhook request
Received webhook request
Processing comment added event
Processing ticket 13 with comment 12540928020879
Requester ID: 12540857350543
Attempting to send message to Telegram user 12540857350543
Failed to send Telegram message: Chat not found
Received webhook request
Processing comment added event
Processing ticket 13 with comment 12540904427023
Requester ID: 12540857350543
Attempting to send message to Telegram user 12540857350543
Failed to send Telegram message: Chat not found
Received webhook request
Received webhook request
Received webhook request
Received webhook request
Received webhook request
Received webhook request
Received webhook request
Received webhook request
Received webhook request
Received webhook request
Received webhook request
Received webhook request
Received webhook request
Received webhook request
Received webhook request
Processing comment added event
Processing ticket 14 with comment 12540915571727
Requester ID from ticket: 12540857350543
Found Telegram ID from user external_id: 8189840800
Skipping comment from requester
Received webhook request
Received webhook request
Processing comment added event
Processing ticket 14 with comment 12540915681935
Requester ID from ticket: 12540857350543
Found Telegram ID from user external_id: 8189840800
Attempting to send message to Telegram user 8189840800
Successfully sent message to Telegram
Received webhook request
Request data: {'account_id': 24951610, 'detail': {'actor_id': '12539082960655', 'assignee_id': '12539082960655', 'brand_id': '12539061997583', 'created_at': '2025-04-27T11:01:49Z', 'custom_status': '12539062003087', 'description': 'thisbis', 'external_id': None, 'form_id': '12539061969679', 'group_id': '12539062008207', 'id': '15', 'is_public': True, 'organization_id': None, 'priority': 'NORMAL', 'requester_id': '12540959778063', 'status': 'OPEN', 'subject': 'Telegram Support - Roger', 'submitter_id': '12540959778063', 'tags': None, 'type': 'QUESTION', 'updated_at': '2025-04-27T11:01:49Z', 'via': {'channel': 'web_service'}}, 'event': {'current': 'OPEN', 'previous': 'NEW'}, 'id': 'f1f18278-5b5e-4a1b-9efc-389a30c0a7d6', 'subject': 'zen:ticket:15', 'time': '2025-04-27T11:01:49.691593266Z', 'type': 'zen:event-type:ticket.status_changed', 'zendesk_event_version': '2022-11-06'}
Received webhook data: {'account_id': 24951610, 'detail': {'actor_id': '12539082960655', 'assignee_id': '12539082960655', 'brand_id': '12539061997583', 'created_at': '2025-04-27T11:01:49Z', 'custom_status': '12539062003087', 'description': 'thisbis', 'external_id': None, 'form_id': '12539061969679', 'group_id': '12539062008207', 'id': '15', 'is_public': True, 'organization_id': None, 'priority': 'NORMAL', 'requester_id': '12540959778063', 'status': 'OPEN', 'subject': 'Telegram Support - Roger', 'submitter_id': '12540959778063', 'tags': None, 'type': 'QUESTION', 'updated_at': '2025-04-27T11:01:49Z', 'via': {'channel': 'web_service'}}, 'event': {'current': 'OPEN', 'previous': 'NEW'}, 'id': 'f1f18278-5b5e-4a1b-9efc-389a30c0a7d6', 'subject': 'zen:ticket:15', 'time': '2025-04-27T11:01:49.691593266Z', 'type': 'zen:event-type:ticket.status_changed', 'zendesk_event_version': '2022-11-06'}
Received webhook request
Received webhook request
Request data: {'account_id': 24951610, 'detail': {'actor_id': '12539082960655', 'assignee_id': '12539082960655', 'brand_id': '12539061997583', 'created_at': '2025-04-27T11:01:49Z', 'custom_status': '12539062003087', 'description': 'thisbis', 'external_id': None, 'form_id': '12539061969679', 'group_id': '12539062008207', 'id': '15', 'is_public': True, 'organization_id': None, 'priority': 'NORMAL', 'requester_id': '12540959778063', 'status': 'OPEN', 'subject': 'Telegram Support - Roger', 'submitter_id': '12540959778063', 'tags': None, 'type': 'QUESTION', 'updated_at': '2025-04-27T11:01:49Z', 'via': {'channel': 'web_service'}}, 'event': {'current': '12539061969679', 'previous': None}, 'id': 'e47b8198-2c6a-43bf-b0d2-d40e26eeb97e', 'subject': 'zen:ticket:15', 'time': '2025-04-27T11:01:49.691593266Z', 'type': 'zen:event-type:ticket.form_changed', 'zendesk_event_version': '2022-11-06'}
Received webhook request
Request data: {'account_id': 24951610, 'detail': {'actor_id': '12539082960655', 'assignee_id': '12539082960655', 'brand_id': '12539061997583', 'created_at': '2025-04-27T11:01:49Z', 'custom_status': '12539062003087', 'description': 'thisbis', 'external_id': None, 'form_id': '12539061969679', 'group_id': '12539062008207', 'id': '15', 'is_public': True, 'organization_id': None, 'priority': 'NORMAL', 'requester_id': '12540959778063', 'status': 'OPEN', 'subject': 'Telegram Support - Roger', 'submitter_id': '12540959778063', 'tags': None, 'type': 'QUESTION', 'updated_at': '2025-04-27T11:01:49Z', 'via': {'channel': 'web_service'}}, 'event': {'current': '12539083047311', 'previous': None}, 'id': 'ca010e21-a7b5-4256-9d52-d060a1d75469', 'subject': 'zen:ticket:15', 'time': '2025-04-27T11:01:49.691593266Z', 'type': 'zen:event-type:ticket.sla_policy_changed', 'zendesk_event_version': '2022-11-06'}
Received webhook request
Received webhook request
Received webhook data: {'account_id': 24951610, 'detail': {'actor_id': '12539082960655', 'assignee_id': '12539082960655', 'brand_id': '12539061997583', 'created_at': '2025-04-27T11:01:49Z', 'custom_status': '12539062003087', 'description': 'thisbis', 'external_id': None, 'form_id': '12539061969679', 'group_id': '12539062008207', 'id': '15', 'is_public': True, 'organization_id': None, 'priority': 'NORMAL', 'requester_id': '12540959778063', 'status': 'OPEN', 'subject': 'Telegram Support - Roger', 'submitter_id': '12540959778063', 'tags': None, 'type': 'QUESTION', 'updated_at': '2025-04-27T11:01:49Z', 'via': {'channel': 'web_service'}}, 'event': {'current': '12539061969679', 'previous': None}, 'id': 'e47b8198-2c6a-43bf-b0d2-d40e26eeb97e', 'subject': 'zen:ticket:15', 'time': '2025-04-27T11:01:49.691593266Z', 'type': 'zen:event-type:ticket.form_changed', 'zendesk_event_version': '2022-11-06'}
Received webhook request
Received webhook request
Request data: {'account_id': 24951610, 'detail': {'actor_id': '12539082960655', 'assignee_id': '12539082960655', 'brand_id': '12539061997583', 'created_at': '2025-04-27T11:01:49Z', 'custom_status': '12539062003087', 'description': 'thisbis', 'external_id': None, 'form_id': '12539061969679', 'group_id': '12539062008207', 'id': '15', 'is_public': True, 'organization_id': None, 'priority': 'NORMAL', 'requester_id': '12540959778063', 'status': 'OPEN', 'subject': 'Telegram Support - Roger', 'submitter_id': '12540959778063', 'tags': None, 'type': 'QUESTION', 'updated_at': '2025-04-27T11:01:49Z', 'via': {'channel': 'web_service'}}, 'event': {'current': '12539062003087', 'previous': None}, 'id': 'bb520a0f-dcbd-4bcc-ba2f-460e89ca005d', 'subject': 'zen:ticket:15', 'time': '2025-04-27T11:01:49.691593266Z', 'type': 'zen:event-type:ticket.custom_status_changed', 'zendesk_event_version': '2022-11-06'}
Received webhook request
Received webhook data: {'account_id': 24951610, 'detail': {'actor_id': '12539082960655', 'assignee_id': '12539082960655', 'brand_id': '12539061997583', 'created_at': '2025-04-27T11:01:49Z', 'custom_status': '12539062003087', 'description': 'thisbis', 'external_id': None, 'form_id': '12539061969679', 'group_id': '12539062008207', 'id': '15', 'is_public': True, 'organization_id': None, 'priority': 'NORMAL', 'requester_id': '12540959778063', 'status': 'OPEN', 'subject': 'Telegram Support - Roger', 'submitter_id': '12540959778063', 'tags': None, 'type': 'QUESTION', 'updated_at': '2025-04-27T11:01:49Z', 'via': {'channel': 'web_service'}}, 'event': {'current': '12539083047311', 'previous': None}, 'id': 'ca010e21-a7b5-4256-9d52-d060a1d75469', 'subject': 'zen:ticket:15', 'time': '2025-04-27T11:01:49.691593266Z', 'type': 'zen:event-type:ticket.sla_policy_changed', 'zendesk_event_version': '2022-11-06'}
Received webhook request
Request data: {'account_id': 24951610, 'detail': {'actor_id': '12539082960655', 'assignee_id': '12539082960655', 'brand_id': '12539061997583', 'created_at': '2025-04-27T11:01:49Z', 'custom_status': '12539062003087', 'description': 'thisbis', 'external_id': None, 'form_id': '12539061969679', 'group_id': '12539062008207', 'id': '15', 'is_public': True, 'organization_id': None, 'priority': 'NORMAL', 'requester_id': '12540959778063', 'status': 'OPEN', 'subject': 'Telegram Support - Roger', 'submitter_id': '12540959778063', 'tags': None, 'type': 'QUESTION', 'updated_at': '2025-04-27T11:01:49Z', 'via': {'channel': 'web_service'}}, 'event': {'current': '12539061997583', 'previous': None}, 'id': '768de605-def9-48cc-af0a-ee01f1adc7e8', 'subject': 'zen:ticket:15', 'time': '2025-04-27T11:01:49.691593266Z', 'type': 'zen:event-type:ticket.brand_changed', 'zendesk_event_version': '2022-11-06'}
Received webhook request
Received webhook request
Request data: {'account_id': 24951610, 'detail': {'actor_id': '12539082960655', 'assignee_id': '12539082960655', 'brand_id': '12539061997583', 'created_at': '2025-04-27T11:01:49Z', 'custom_status': '12539062003087', 'description': 'thisbis', 'external_id': None, 'form_id': '12539061969679', 'group_id': '12539062008207', 'id': '15', 'is_public': True, 'organization_id': None, 'priority': 'NORMAL', 'requester_id': '12540959778063', 'status': 'OPEN', 'subject': 'Telegram Support - Roger', 'submitter_id': '12540959778063', 'tags': None, 'type': 'QUESTION', 'updated_at': '2025-04-27T11:01:49Z', 'via': {'channel': 'web_service'}}, 'event': {'comment': {'author': {'id': '12540959778063', 'is_staff': False, 'name': 'Roger W'}, 'body': 'thisbis', 'id': '12540924060303', 'is_public': True}}, 'id': '77592c95-f752-4ae5-a170-c9c4376582cf', 'subject': 'zen:ticket:15', 'time': '2025-04-27T11:01:49.691593266Z', 'type': 'zen:event-type:ticket.comment_added', 'zendesk_event_version': '2022-11-06'}
Request data: {'account_id': 24951610, 'detail': {'actor_id': '12539082960655', 'assignee_id': '12539082960655', 'brand_id': '12539061997583', 'created_at': '2025-04-27T11:01:49Z', 'custom_status': '12539062003087', 'description': 'thisbis', 'external_id': None, 'form_id': '12539061969679', 'group_id': '12539062008207', 'id': '15', 'is_public': True, 'organization_id': None, 'priority': 'NORMAL', 'requester_id': '12540959778063', 'status': 'OPEN', 'subject': 'Telegram Support - Roger', 'submitter_id': '12540959778063', 'tags': None, 'type': 'QUESTION', 'updated_at': '2025-04-27T11:01:49Z', 'via': {'channel': 'web_service'}}, 'event': {'current': '12540959778063', 'previous': None}, 'id': '6e103d30-c591-471e-a1aa-765c6f57e28d', 'subject': 'zen:ticket:15', 'time': '2025-04-27T11:01:49.691593266Z', 'type': 'zen:event-type:ticket.requester_changed', 'zendesk_event_version': '2022-11-06'}
Request data: {'account_id': 24951610, 'detail': {'actor_id': '12539082960655', 'assignee_id': '12539082960655', 'brand_id': '12539061997583', 'created_at': '2025-04-27T11:01:49Z', 'custom_status': '12539062003087', 'description': 'thisbis', 'external_id': None, 'form_id': '12539061969679', 'group_id': '12539062008207', 'id': '15', 'is_public': True, 'organization_id': None, 'priority': 'NORMAL', 'requester_id': '12540959778063', 'status': 'OPEN', 'subject': 'Telegram Support - Roger', 'submitter_id': '12540959778063', 'tags': None, 'type': 'QUESTION', 'updated_at': '2025-04-27T11:01:49Z', 'via': {'channel': 'web_service'}}, 'event': {'current': 'NORMAL', 'previous': None}, 'id': '6eb05917-8725-43e8-a56a-72b5d528689c', 'subject': 'zen:ticket:15', 'time': '2025-04-27T11:01:49.691593266Z', 'type': 'zen:event-type:ticket.priority_changed', 'zendesk_event_version': '2022-11-06'}
Received webhook data: {'account_id': 24951610, 'detail': {'actor_id': '12539082960655', 'assignee_id': '12539082960655', 'brand_id': '12539061997583', 'created_at': '2025-04-27T11:01:49Z', 'custom_status': '12539062003087', 'description': 'thisbis', 'external_id': None, 'form_id': '12539061969679', 'group_id': '12539062008207', 'id': '15', 'is_public': True, 'organization_id': None, 'priority': 'NORMAL', 'requester_id': '12540959778063', 'status': 'OPEN', 'subject': 'Telegram Support - Roger', 'submitter_id': '12540959778063', 'tags': None, 'type': 'QUESTION', 'updated_at': '2025-04-27T11:01:49Z', 'via': {'channel': 'web_service'}}, 'event': {'current': '12539062003087', 'previous': None}, 'id': 'bb520a0f-dcbd-4bcc-ba2f-460e89ca005d', 'subject': 'zen:ticket:15', 'time': '2025-04-27T11:01:49.691593266Z', 'type': 'zen:event-type:ticket.custom_status_changed', 'zendesk_event_version': '2022-11-06'}
Request data: {'account_id': 24951610, 'detail': {'actor_id': '12539082960655', 'assignee_id': '12539082960655', 'brand_id': '12539061997583', 'created_at': '2025-04-27T11:01:49Z', 'custom_status': '12539062003087', 'description': 'thisbis', 'external_id': None, 'form_id': '12539061969679', 'group_id': '12539062008207', 'id': '15', 'is_public': True, 'organization_id': None, 'priority': 'NORMAL', 'requester_id': '12540959778063', 'status': 'OPEN', 'subject': 'Telegram Support - Roger', 'submitter_id': '12540959778063', 'tags': None, 'type': 'QUESTION', 'updated_at': '2025-04-27T11:01:49Z', 'via': {'channel': 'web_service'}}, 'event': {'current': 'thisbis', 'previous': None}, 'id': '207938b9-5ea2-4c0f-8a46-b92790aea7ba', 'subject': 'zen:ticket:15', 'time': '2025-04-27T11:01:49.691593266Z', 'type': 'zen:event-type:ticket.description_changed', 'zendesk_event_version': '2022-11-06'}
Request data: {'account_id': 24951610, 'detail': {'actor_id': '12539082960655', 'assignee_id': '12539082960655', 'brand_id': '12539061997583', 'created_at': '2025-04-27T11:01:49Z', 'custom_status': '12539062003087', 'description': 'thisbis', 'external_id': None, 'form_id': '12539061969679', 'group_id': '12539062008207', 'id': '15', 'is_public': True, 'organization_id': None, 'priority': 'NORMAL', 'requester_id': '12540959778063', 'status': 'OPEN', 'subject': 'Telegram Support - Roger', 'submitter_id': '12540959778063', 'tags': None, 'type': 'QUESTION', 'updated_at': '2025-04-27T11:01:49Z', 'via': {'channel': 'web_service'}}, 'event': {'current': 'QUESTION', 'previous': None}, 'id': 'cdbadeee-aeef-4132-b9d2-20f642a5fdfa', 'subject': 'zen:ticket:15', 'time': '2025-04-27T11:01:49.691593266Z', 'type': 'zen:event-type:ticket.type_changed', 'zendesk_event_version': '2022-11-06'}
Received webhook data: {'account_id': 24951610, 'detail': {'actor_id': '12539082960655', 'assignee_id': '12539082960655', 'brand_id': '12539061997583', 'created_at': '2025-04-27T11:01:49Z', 'custom_status': '12539062003087', 'description': 'thisbis', 'external_id': None, 'form_id': '12539061969679', 'group_id': '12539062008207', 'id': '15', 'is_public': True, 'organization_id': None, 'priority': 'NORMAL', 'requester_id': '12540959778063', 'status': 'OPEN', 'subject': 'Telegram Support - Roger', 'submitter_id': '12540959778063', 'tags': None, 'type': 'QUESTION', 'updated_at': '2025-04-27T11:01:49Z', 'via': {'channel': 'web_service'}}, 'event': {'current': '12539061997583', 'previous': None}, 'id': '768de605-def9-48cc-af0a-ee01f1adc7e8', 'subject': 'zen:ticket:15', 'time': '2025-04-27T11:01:49.691593266Z', 'type': 'zen:event-type:ticket.brand_changed', 'zendesk_event_version': '2022-11-06'}
Request data: {'account_id': 24951610, 'detail': {'actor_id': '12539082960655', 'assignee_id': '12539082960655', 'brand_id': '12539061997583', 'created_at': '2025-04-27T11:01:49Z', 'custom_status': '12539062003087', 'description': 'thisbis', 'external_id': None, 'form_id': '12539061969679', 'group_id': '12539062008207', 'id': '15', 'is_public': True, 'organization_id': None, 'priority': 'NORMAL', 'requester_id': '12540959778063', 'status': 'OPEN', 'subject': 'Telegram Support - Roger', 'submitter_id': '12540959778063', 'tags': None, 'type': 'QUESTION', 'updated_at': '2025-04-27T11:01:49Z', 'via': {'channel': 'web_service'}}, 'event': {}, 'id': '49ff9702-c01c-4981-b02a-b81a2eaaa5b7', 'subject': 'zen:ticket:15', 'time': '2025-04-27T11:01:49.691593266Z', 'type': 'zen:event-type:ticket.created', 'zendesk_event_version': '2022-11-06'}
Request data: {'account_id': 24951610, 'detail': {'actor_id': '12539082960655', 'assignee_id': '12539082960655', 'brand_id': '12539061997583', 'created_at': '2025-04-27T11:01:49Z', 'custom_status': '12539062003087', 'description': 'thisbis', 'external_id': None, 'form_id': '12539061969679', 'group_id': '12539062008207', 'id': '15', 'is_public': True, 'organization_id': None, 'priority': 'NORMAL', 'requester_id': '12540959778063', 'status': 'OPEN', 'subject': 'Telegram Support - Roger', 'submitter_id': '12540959778063', 'tags': None, 'type': 'QUESTION', 'updated_at': '2025-04-27T11:01:49Z', 'via': {'channel': 'web_service'}}, 'event': {'current': 'Telegram Support - Roger', 'previous': None}, 'id': '35bfb607-3cd9-4f8d-82f7-db744b88f9fb', 'subject': 'zen:ticket:15', 'time': '2025-04-27T11:01:49.691593266Z', 'type': 'zen:event-type:ticket.subject_changed', 'zendesk_event_version': '2022-11-06'}
Received webhook data: {'account_id': 24951610, 'detail': {'actor_id': '12539082960655', 'assignee_id': '12539082960655', 'brand_id': '12539061997583', 'created_at': '2025-04-27T11:01:49Z', 'custom_status': '12539062003087', 'description': 'thisbis', 'external_id': None, 'form_id': '12539061969679', 'group_id': '12539062008207', 'id': '15', 'is_public': True, 'organization_id': None, 'priority': 'NORMAL', 'requester_id': '12540959778063', 'status': 'OPEN', 'subject': 'Telegram Support - Roger', 'submitter_id': '12540959778063', 'tags': None, 'type': 'QUESTION', 'updated_at': '2025-04-27T11:01:49Z', 'via': {'channel': 'web_service'}}, 'event': {'comment': {'author': {'id': '12540959778063', 'is_staff': False, 'name': 'Roger W'}, 'body': 'thisbis', 'id': '12540924060303', 'is_public': True}}, 'id': '77592c95-f752-4ae5-a170-c9c4376582cf', 'subject': 'zen:ticket:15', 'time': '2025-04-27T11:01:49.691593266Z', 'type': 'zen:event-type:ticket.comment_added', 'zendesk_event_version': '2022-11-06'}
Received webhook data: {'account_id': 24951610, 'detail': {'actor_id': '12539082960655', 'assignee_id': '12539082960655', 'brand_id': '12539061997583', 'created_at': '2025-04-27T11:01:49Z', 'custom_status': '12539062003087', 'description': 'thisbis', 'external_id': None, 'form_id': '12539061969679', 'group_id': '12539062008207', 'id': '15', 'is_public': True, 'organization_id': None, 'priority': 'NORMAL', 'requester_id': '12540959778063', 'status': 'OPEN', 'subject': 'Telegram Support - Roger', 'submitter_id': '12540959778063', 'tags': None, 'type': 'QUESTION', 'updated_at': '2025-04-27T11:01:49Z', 'via': {'channel': 'web_service'}}, 'event': {'current': '12540959778063', 'previous': None}, 'id': '6e103d30-c591-471e-a1aa-765c6f57e28d', 'subject': 'zen:ticket:15', 'time': '2025-04-27T11:01:49.691593266Z', 'type': 'zen:event-type:ticket.requester_changed', 'zendesk_event_version': '2022-11-06'}
Received webhook data: {'account_id': 24951610, 'detail': {'actor_id': '12539082960655', 'assignee_id': '12539082960655', 'brand_id': '12539061997583', 'created_at': '2025-04-27T11:01:49Z', 'custom_status': '12539062003087', 'description': 'thisbis', 'external_id': None, 'form_id': '12539061969679', 'group_id': '12539062008207', 'id': '15', 'is_public': True, 'organization_id': None, 'priority': 'NORMAL', 'requester_id': '12540959778063', 'status': 'OPEN', 'subject': 'Telegram Support - Roger', 'submitter_id': '12540959778063', 'tags': None, 'type': 'QUESTION', 'updated_at': '2025-04-27T11:01:49Z', 'via': {'channel': 'web_service'}}, 'event': {'current': 'NORMAL', 'previous': None}, 'id': '6eb05917-8725-43e8-a56a-72b5d528689c', 'subject': 'zen:ticket:15', 'time': '2025-04-27T11:01:49.691593266Z', 'type': 'zen:event-type:ticket.priority_changed', 'zendesk_event_version': '2022-11-06'}
Received webhook data: {'account_id': 24951610, 'detail': {'actor_id': '12539082960655', 'assignee_id': '12539082960655', 'brand_id': '12539061997583', 'created_at': '2025-04-27T11:01:49Z', 'custom_status': '12539062003087', 'description': 'thisbis', 'external_id': None, 'form_id': '12539061969679', 'group_id': '12539062008207', 'id': '15', 'is_public': True, 'organization_id': None, 'priority': 'NORMAL', 'requester_id': '12540959778063', 'status': 'OPEN', 'subject': 'Telegram Support - Roger', 'submitter_id': '12540959778063', 'tags': None, 'type': 'QUESTION', 'updated_at': '2025-04-27T11:01:49Z', 'via': {'channel': 'web_service'}}, 'event': {'current': 'thisbis', 'previous': None}, 'id': '207938b9-5ea2-4c0f-8a46-b92790aea7ba', 'subject': 'zen:ticket:15', 'time': '2025-04-27T11:01:49.691593266Z', 'type': 'zen:event-type:ticket.description_changed', 'zendesk_event_version': '2022-11-06'}
Received webhook data: {'account_id': 24951610, 'detail': {'actor_id': '12539082960655', 'assignee_id': '12539082960655', 'brand_id': '12539061997583', 'created_at': '2025-04-27T11:01:49Z', 'custom_status': '12539062003087', 'description': 'thisbis', 'external_id': None, 'form_id': '12539061969679', 'group_id': '12539062008207', 'id': '15', 'is_public': True, 'organization_id': None, 'priority': 'NORMAL', 'requester_id': '12540959778063', 'status': 'OPEN', 'subject': 'Telegram Support - Roger', 'submitter_id': '12540959778063', 'tags': None, 'type': 'QUESTION', 'updated_at': '2025-04-27T11:01:49Z', 'via': {'channel': 'web_service'}}, 'event': {'current': 'QUESTION', 'previous': None}, 'id': 'cdbadeee-aeef-4132-b9d2-20f642a5fdfa', 'subject': 'zen:ticket:15', 'time': '2025-04-27T11:01:49.691593266Z', 'type': 'zen:event-type:ticket.type_changed', 'zendesk_event_version': '2022-11-06'}
Received webhook data: {'account_id': 24951610, 'detail': {'actor_id': '12539082960655', 'assignee_id': '12539082960655', 'brand_id': '12539061997583', 'created_at': '2025-04-27T11:01:49Z', 'custom_status': '12539062003087', 'description': 'thisbis', 'external_id': None, 'form_id': '12539061969679', 'group_id': '12539062008207', 'id': '15', 'is_public': True, 'organization_id': None, 'priority': 'NORMAL', 'requester_id': '12540959778063', 'status': 'OPEN', 'subject': 'Telegram Support - Roger', 'submitter_id': '12540959778063', 'tags': None, 'type': 'QUESTION', 'updated_at': '2025-04-27T11:01:49Z', 'via': {'channel': 'web_service'}}, 'event': {}, 'id': '49ff9702-c01c-4981-b02a-b81a2eaaa5b7', 'subject': 'zen:ticket:15', 'time': '2025-04-27T11:01:49.691593266Z', 'type': 'zen:event-type:ticket.created', 'zendesk_event_version': '2022-11-06'}
Received webhook data: {'account_id': 24951610, 'detail': {'actor_id': '12539082960655', 'assignee_id': '12539082960655', 'brand_id': '12539061997583', 'created_at': '2025-04-27T11:01:49Z', 'custom_status': '12539062003087', 'description': 'thisbis', 'external_id': None, 'form_id': '12539061969679', 'group_id': '12539062008207', 'id': '15', 'is_public': True, 'organization_id': None, 'priority': 'NORMAL', 'requester_id': '12540959778063', 'status': 'OPEN', 'subject': 'Telegram Support - Roger', 'submitter_id': '12540959778063', 'tags': None, 'type': 'QUESTION', 'updated_at': '2025-04-27T11:01:49Z', 'via': {'channel': 'web_service'}}, 'event': {'current': 'Telegram Support - Roger', 'previous': None}, 'id': '35bfb607-3cd9-4f8d-82f7-db744b88f9fb', 'subject': 'zen:ticket:15', 'time': '2025-04-27T11:01:49.691593266Z', 'type': 'zen:event-type:ticket.subject_changed', 'zendesk_event_version': '2022-11-06'}
Processing comment added event
Processing ticket 15 with comment 12540924060303
Requester ID from ticket: 12540959778063
Received webhook request
Received webhook request
Request data: {'account_id': 24951610, 'detail': {'actor_id': '12539082960655', 'assignee_id': '12539082960655', 'brand_id': '12539061997583', 'created_at': '2025-04-27T11:01:49Z', 'custom_status': '12539062003087', 'description': 'thisbis', 'external_id': None, 'form_id': '12539061969679', 'group_id': '12539062008207', 'id': '15', 'is_public': True, 'organization_id': None, 'priority': 'NORMAL', 'requester_id': '12540959778063', 'status': 'OPEN', 'subject': 'Telegram Support - Roger', 'submitter_id': '12540959778063', 'tags': None, 'type': 'QUESTION', 'updated_at': '2025-04-27T11:01:49Z', 'via': {'channel': 'web_service'}}, 'event': {'current': '12539082960655', 'previous': None}, 'id': '04ad8c24-eaaf-4f46-a86a-0745a4d444c9', 'subject': 'zen:ticket:15', 'time': '2025-04-27T11:01:49.691593266Z', 'type': 'zen:event-type:ticket.agent_assignment_changed', 'zendesk_event_version': '2022-11-06'}
Received webhook request
Request data: {'account_id': 24951610, 'detail': {'actor_id': '12539082960655', 'assignee_id': '12539082960655', 'brand_id': '12539061997583', 'created_at': '2025-04-27T11:01:49Z', 'custom_status': '12539062003087', 'description': 'thisbis', 'external_id': None, 'form_id': '12539061969679', 'group_id': '12539062008207', 'id': '15', 'is_public': True, 'organization_id': None, 'priority': 'NORMAL', 'requester_id': '12540959778063', 'status': 'OPEN', 'subject': 'Telegram Support - Roger', 'submitter_id': '12540959778063', 'tags': None, 'type': 'QUESTION', 'updated_at': '2025-04-27T11:01:49Z', 'via': {'channel': 'web_service'}}, 'event': {'current': '12539062008207', 'previous': None}, 'id': 'e3d15e1d-8334-4589-90e6-27e46d6a5872', 'subject': 'zen:ticket:15', 'time': '2025-04-27T11:01:49.691593266Z', 'type': 'zen:event-type:ticket.group_assignment_changed', 'zendesk_event_version': '2022-11-06'}
Received webhook data: {'account_id': 24951610, 'detail': {'actor_id': '12539082960655', 'assignee_id': '12539082960655', 'brand_id': '12539061997583', 'created_at': '2025-04-27T11:01:49Z', 'custom_status': '12539062003087', 'description': 'thisbis', 'external_id': None, 'form_id': '12539061969679', 'group_id': '12539062008207', 'id': '15', 'is_public': True, 'organization_id': None, 'priority': 'NORMAL', 'requester_id': '12540959778063', 'status': 'OPEN', 'subject': 'Telegram Support - Roger', 'submitter_id': '12540959778063', 'tags': None, 'type': 'QUESTION', 'updated_at': '2025-04-27T11:01:49Z', 'via': {'channel': 'web_service'}}, 'event': {'current': '12539082960655', 'previous': None}, 'id': '04ad8c24-eaaf-4f46-a86a-0745a4d444c9', 'subject': 'zen:ticket:15', 'time': '2025-04-27T11:01:49.691593266Z', 'type': 'zen:event-type:ticket.agent_assignment_changed', 'zendesk_event_version': '2022-11-06'}
Request data: {'account_id': 24951610, 'detail': {'actor_id': '12539082960655', 'assignee_id': '12539082960655', 'brand_id': '12539061997583', 'created_at': '2025-04-27T11:01:49Z', 'custom_status': '12539062003087', 'description': 'thisbis', 'external_id': None, 'form_id': '12539061969679', 'group_id': '12539062008207', 'id': '15', 'is_public': True, 'organization_id': None, 'priority': 'NORMAL', 'requester_id': '12540959778063', 'status': 'OPEN', 'subject': 'Telegram Support - Roger', 'submitter_id': '12540959778063', 'tags': None, 'type': 'QUESTION', 'updated_at': '2025-04-27T11:01:49Z', 'via': {'channel': 'web_service'}}, 'event': {'current': '12540959778063', 'previous': None}, 'id': '88e6f756-1c09-426b-a8bd-6aea63bcc2cb', 'subject': 'zen:ticket:15', 'time': '2025-04-27T11:01:49.691593266Z', 'type': 'zen:event-type:ticket.submitter_changed', 'zendesk_event_version': '2022-11-06'}
Received webhook data: {'account_id': 24951610, 'detail': {'actor_id': '12539082960655', 'assignee_id': '12539082960655', 'brand_id': '12539061997583', 'created_at': '2025-04-27T11:01:49Z', 'custom_status': '12539062003087', 'description': 'thisbis', 'external_id': None, 'form_id': '12539061969679', 'group_id': '12539062008207', 'id': '15', 'is_public': True, 'organization_id': None, 'priority': 'NORMAL', 'requester_id': '12540959778063', 'status': 'OPEN', 'subject': 'Telegram Support - Roger', 'submitter_id': '12540959778063', 'tags': None, 'type': 'QUESTION', 'updated_at': '2025-04-27T11:01:49Z', 'via': {'channel': 'web_service'}}, 'event': {'current': '12539062008207', 'previous': None}, 'id': 'e3d15e1d-8334-4589-90e6-27e46d6a5872', 'subject': 'zen:ticket:15', 'time': '2025-04-27T11:01:49.691593266Z', 'type': 'zen:event-type:ticket.group_assignment_changed', 'zendesk_event_version': '2022-11-06'}
Received webhook data: {'account_id': 24951610, 'detail': {'actor_id': '12539082960655', 'assignee_id': '12539082960655', 'brand_id': '12539061997583', 'created_at': '2025-04-27T11:01:49Z', 'custom_status': '12539062003087', 'description': 'thisbis', 'external_id': None, 'form_id': '12539061969679', 'group_id': '12539062008207', 'id': '15', 'is_public': True, 'organization_id': None, 'priority': 'NORMAL', 'requester_id': '12540959778063', 'status': 'OPEN', 'subject': 'Telegram Support - Roger', 'submitter_id': '12540959778063', 'tags': None, 'type': 'QUESTION', 'updated_at': '2025-04-27T11:01:49Z', 'via': {'channel': 'web_service'}}, 'event': {'current': '12540959778063', 'previous': None}, 'id': '88e6f756-1c09-426b-a8bd-6aea63bcc2cb', 'subject': 'zen:ticket:15', 'time': '2025-04-27T11:01:49.691593266Z', 'type': 'zen:event-type:ticket.submitter_changed', 'zendesk_event_version': '2022-11-06'}
Found Telegram ID from user external_id: 7812442825
Skipping comment from requester
Received webhook request
Request data: {'account_id': 24951610, 'detail': {'actor_id': '-1', 'assignee_id': '12539082960655', 'brand_id': '12539061997583', 'created_at': '2025-04-27T11:01:49Z', 'custom_status': '12539062003087', 'description': 'thisbis', 'external_id': None, 'form_id': '12539061969679', 'group_id': '12539062008207', 'id': '15', 'is_public': True, 'organization_id': None, 'priority': 'NORMAL', 'requester_id': '12540959778063', 'status': 'OPEN', 'subject': 'Telegram Support - Roger', 'submitter_id': '12540959778063', 'tags': ['system_email_notification_failure'], 'type': 'QUESTION', 'updated_at': '2025-04-27T11:01:51Z', 'via': {'channel': 'web_service'}}, 'event': {'tags_added': ['system_email_notification_failure'], 'tags_removed': []}, 'id': '703f38d9-cf5a-4a08-8461-b84ca090a9ff', 'subject': 'zen:ticket:15', 'time': '2025-04-27T11:01:51.915496959Z', 'type': 'zen:event-type:ticket.tags_changed', 'zendesk_event_version': '2022-11-06'}
Received webhook data: {'account_id': 24951610, 'detail': {'actor_id': '-1', 'assignee_id': '12539082960655', 'brand_id': '12539061997583', 'created_at': '2025-04-27T11:01:49Z', 'custom_status': '12539062003087', 'description': 'thisbis', 'external_id': None, 'form_id': '12539061969679', 'group_id': '12539062008207', 'id': '15', 'is_public': True, 'organization_id': None, 'priority': 'NORMAL', 'requester_id': '12540959778063', 'status': 'OPEN', 'subject': 'Telegram Support - Roger', 'submitter_id': '12540959778063', 'tags': ['system_email_notification_failure'], 'type': 'QUESTION', 'updated_at': '2025-04-27T11:01:51Z', 'via': {'channel': 'web_service'}}, 'event': {'tags_added': ['system_email_notification_failure'], 'tags_removed': []}, 'id': '703f38d9-cf5a-4a08-8461-b84ca090a9ff', 'subject': 'zen:ticket:15', 'time': '2025-04-27T11:01:51.915496959Z', 'type': 'zen:event-type:ticket.tags_changed', 'zendesk_event_version': '2022-11-06'}
Received webhook request
Request data: {'account_id': 24951610, 'detail': {'actor_id': '12539082960655', 'assignee_id': '12539082960655', 'brand_id': '12539061997583', 'created_at': '2025-04-27T11:01:49Z', 'custom_status': '12539062003087', 'description': 'thisbis', 'external_id': None, 'form_id': '12539061969679', 'group_id': '12539062008207', 'id': '15', 'is_public': True, 'organization_id': None, 'priority': 'NORMAL', 'requester_id': '12540959778063', 'status': 'OPEN', 'subject': 'Telegram Support - Roger', 'submitter_id': '12540959778063', 'tags': ['system_email_notification_failure'], 'type': 'QUESTION', 'updated_at': '2025-04-27T11:02:20Z', 'via': {'channel': 'web_service'}}, 'event': {'comment': {'author': {'id': '12539082960655', 'is_staff': True, 'name': 'Levi Chiew'}, 'body': 'uid?', 'id': '12540925082127', 'is_public': True}}, 'id': '13d2d354-87a0-47ef-b2e5-a1638332976a', 'subject': 'zen:ticket:15', 'time': '2025-04-27T11:02:20.386897214Z', 'type': 'zen:event-type:ticket.comment_added', 'zendesk_event_version': '2022-11-06'}
Received webhook data: {'account_id': 24951610, 'detail': {'actor_id': '12539082960655', 'assignee_id': '12539082960655', 'brand_id': '12539061997583', 'created_at': '2025-04-27T11:01:49Z', 'custom_status': '12539062003087', 'description': 'thisbis', 'external_id': None, 'form_id': '12539061969679', 'group_id': '12539062008207', 'id': '15', 'is_public': True, 'organization_id': None, 'priority': 'NORMAL', 'requester_id': '12540959778063', 'status': 'OPEN', 'subject': 'Telegram Support - Roger', 'submitter_id': '12540959778063', 'tags': ['system_email_notification_failure'], 'type': 'QUESTION', 'updated_at': '2025-04-27T11:02:20Z', 'via': {'channel': 'web_service'}}, 'event': {'comment': {'author': {'id': '12539082960655', 'is_staff': True, 'name': 'Levi Chiew'}, 'body': 'uid?', 'id': '12540925082127', 'is_public': True}}, 'id': '13d2d354-87a0-47ef-b2e5-a1638332976a', 'subject': 'zen:ticket:15', 'time': '2025-04-27T11:02:20.386897214Z', 'type': 'zen:event-type:ticket.comment_added', 'zendesk_event_version': '2022-11-06'}
Processing comment added event
Processing ticket 15 with comment 12540925082127
Requester ID from ticket: 12540959778063
Found Telegram ID from user external_id: 7812442825
Attempting to send message to Telegram user 7812442825
Successfully sent message to Telegram
Received webhook request
Request data: {'account_id': 24951610, 'detail': {'actor_id': '12539082960655', 'assignee_id': '12539082960655', 'brand_id': '12539061997583', 'created_at': '2025-04-27T11:12:42Z', 'custom_status': '12539062003087', 'description': 'Xcb', 'external_id': None, 'form_id': '12539061969679', 'group_id': '12539062008207', 'id': '16', 'is_public': True, 'organization_id': None, 'priority': 'NORMAL', 'requester_id': '12540959778063', 'status': 'OPEN', 'subject': 'Telegram Support - Roger', 'submitter_id': '12540959778063', 'tags': None, 'type': 'QUESTION', 'updated_at': '2025-04-27T11:12:42Z', 'via': {'channel': 'web_service'}}, 'event': {'current': '12539083047311', 'previous': None}, 'id': '2158103c-7a58-4dd4-bf04-2b68f68f4cf4', 'subject': 'zen:ticket:16', 'time': '2025-04-27T11:12:42.252012370Z', 'type': 'zen:event-type:ticket.sla_policy_changed', 'zendesk_event_version': '2022-11-06'}
Received webhook request
Received webhook data: {'account_id': 24951610, 'detail': {'actor_id': '12539082960655', 'assignee_id': '12539082960655', 'brand_id': '12539061997583', 'created_at': '2025-04-27T11:12:42Z', 'custom_status': '12539062003087', 'description': 'Xcb', 'external_id': None, 'form_id': '12539061969679', 'group_id': '12539062008207', 'id': '16', 'is_public': True, 'organization_id': None, 'priority': 'NORMAL', 'requester_id': '12540959778063', 'status': 'OPEN', 'subject': 'Telegram Support - Roger', 'submitter_id': '12540959778063', 'tags': None, 'type': 'QUESTION', 'updated_at': '2025-04-27T11:12:42Z', 'via': {'channel': 'web_service'}}, 'event': {'current': '12539083047311', 'previous': None}, 'id': '2158103c-7a58-4dd4-bf04-2b68f68f4cf4', 'subject': 'zen:ticket:16', 'time': '2025-04-27T11:12:42.252012370Z', 'type': 'zen:event-type:ticket.sla_policy_changed', 'zendesk_event_version': '2022-11-06'}
Request data: {'account_id': 24951610, 'detail': {'actor_id': '12539082960655', 'assignee_id': '12539082960655', 'brand_id': '12539061997583', 'created_at': '2025-04-27T11:12:42Z', 'custom_status': '12539062003087', 'description': 'Xcb', 'external_id': None, 'form_id': '12539061969679', 'group_id': '12539062008207', 'id': '16', 'is_public': True, 'organization_id': None, 'priority': 'NORMAL', 'requester_id': '12540959778063', 'status': 'OPEN', 'subject': 'Telegram Support - Roger', 'submitter_id': '12540959778063', 'tags': None, 'type': 'QUESTION', 'updated_at': '2025-04-27T11:12:42Z', 'via': {'channel': 'web_service'}}, 'event': {'current': '12539062003087', 'previous': None}, 'id': '0ed43cfa-dcd7-4b61-8804-eefc15e3863d', 'subject': 'zen:ticket:16', 'time': '2025-04-27T11:12:42.252012370Z', 'type': 'zen:event-type:ticket.custom_status_changed', 'zendesk_event_version': '2022-11-06'}
Received webhook data: {'account_id': 24951610, 'detail': {'actor_id': '12539082960655', 'assignee_id': '12539082960655', 'brand_id': '12539061997583', 'created_at': '2025-04-27T11:12:42Z', 'custom_status': '12539062003087', 'description': 'Xcb', 'external_id': None, 'form_id': '12539061969679', 'group_id': '12539062008207', 'id': '16', 'is_public': True, 'organization_id': None, 'priority': 'NORMAL', 'requester_id': '12540959778063', 'status': 'OPEN', 'subject': 'Telegram Support - Roger', 'submitter_id': '12540959778063', 'tags': None, 'type': 'QUESTION', 'updated_at': '2025-04-27T11:12:42Z', 'via': {'channel': 'web_service'}}, 'event': {'current': '12539062003087', 'previous': None}, 'id': '0ed43cfa-dcd7-4b61-8804-eefc15e3863d', 'subject': 'zen:ticket:16', 'time': '2025-04-27T11:12:42.252012370Z', 'type': 'zen:event-type:ticket.custom_status_changed', 'zendesk_event_version': '2022-11-06'}
Received webhook request
Received webhook request
Request data: {'account_id': 24951610, 'detail': {'actor_id': '12539082960655', 'assignee_id': '12539082960655', 'brand_id': '12539061997583', 'created_at': '2025-04-27T11:12:42Z', 'custom_status': '12539062003087', 'description': 'Xcb', 'external_id': None, 'form_id': '12539061969679', 'group_id': '12539062008207', 'id': '16', 'is_public': True, 'organization_id': None, 'priority': 'NORMAL', 'requester_id': '12540959778063', 'status': 'OPEN', 'subject': 'Telegram Support - Roger', 'submitter_id': '12540959778063', 'tags': None, 'type': 'QUESTION', 'updated_at': '2025-04-27T11:12:42Z', 'via': {'channel': 'web_service'}}, 'event': {'comment': {'author': {'id': '12540959778063', 'is_staff': False, 'name': 'Roger W'}, 'body': 'Xcb', 'id': '12540967820047', 'is_public': True}}, 'id': '826fb4a4-eac8-42a1-be01-9dc8d7afc9be', 'subject': 'zen:ticket:16', 'time': '2025-04-27T11:12:42.252012370Z', 'type': 'zen:event-type:ticket.comment_added', 'zendesk_event_version': '2022-11-06'}
Received webhook request
Received webhook request
Request data: {'account_id': 24951610, 'detail': {'actor_id': '12539082960655', 'assignee_id': '12539082960655', 'brand_id': '12539061997583', 'created_at': '2025-04-27T11:12:42Z', 'custom_status': '12539062003087', 'description': 'Xcb', 'external_id': None, 'form_id': '12539061969679', 'group_id': '12539062008207', 'id': '16', 'is_public': True, 'organization_id': None, 'priority': 'NORMAL', 'requester_id': '12540959778063', 'status': 'OPEN', 'subject': 'Telegram Support - Roger', 'submitter_id': '12540959778063', 'tags': None, 'type': 'QUESTION', 'updated_at': '2025-04-27T11:12:42Z', 'via': {'channel': 'web_service'}}, 'event': {'current': 'Xcb', 'previous': None}, 'id': '5d8e9a10-1bdb-4127-aaf7-15688de68604', 'subject': 'zen:ticket:16', 'time': '2025-04-27T11:12:42.252012370Z', 'type': 'zen:event-type:ticket.description_changed', 'zendesk_event_version': '2022-11-06'}
Received webhook request
Received webhook data: {'account_id': 24951610, 'detail': {'actor_id': '12539082960655', 'assignee_id': '12539082960655', 'brand_id': '12539061997583', 'created_at': '2025-04-27T11:12:42Z', 'custom_status': '12539062003087', 'description': 'Xcb', 'external_id': None, 'form_id': '12539061969679', 'group_id': '12539062008207', 'id': '16', 'is_public': True, 'organization_id': None, 'priority': 'NORMAL', 'requester_id': '12540959778063', 'status': 'OPEN', 'subject': 'Telegram Support - Roger', 'submitter_id': '12540959778063', 'tags': None, 'type': 'QUESTION', 'updated_at': '2025-04-27T11:12:42Z', 'via': {'channel': 'web_service'}}, 'event': {'comment': {'author': {'id': '12540959778063', 'is_staff': False, 'name': 'Roger W'}, 'body': 'Xcb', 'id': '12540967820047', 'is_public': True}}, 'id': '826fb4a4-eac8-42a1-be01-9dc8d7afc9be', 'subject': 'zen:ticket:16', 'time': '2025-04-27T11:12:42.252012370Z', 'type': 'zen:event-type:ticket.comment_added', 'zendesk_event_version': '2022-11-06'}
Received webhook request
Request data: {'account_id': 24951610, 'detail': {'actor_id': '12539082960655', 'assignee_id': '12539082960655', 'brand_id': '12539061997583', 'created_at': '2025-04-27T11:12:42Z', 'custom_status': '12539062003087', 'description': 'Xcb', 'external_id': None, 'form_id': '12539061969679', 'group_id': '12539062008207', 'id': '16', 'is_public': True, 'organization_id': None, 'priority': 'NORMAL', 'requester_id': '12540959778063', 'status': 'OPEN', 'subject': 'Telegram Support - Roger', 'submitter_id': '12540959778063', 'tags': None, 'type': 'QUESTION', 'updated_at': '2025-04-27T11:12:42Z', 'via': {'channel': 'web_service'}}, 'event': {'current': '12540959778063', 'previous': None}, 'id': '66ccf9ac-d188-413a-ba35-49f88852f357', 'subject': 'zen:ticket:16', 'time': '2025-04-27T11:12:42.252012370Z', 'type': 'zen:event-type:ticket.submitter_changed', 'zendesk_event_version': '2022-11-06'}
Received webhook request
Received webhook request
Request data: {'account_id': 24951610, 'detail': {'actor_id': '12539082960655', 'assignee_id': '12539082960655', 'brand_id': '12539061997583', 'created_at': '2025-04-27T11:12:42Z', 'custom_status': '12539062003087', 'description': 'Xcb', 'external_id': None, 'form_id': '12539061969679', 'group_id': '12539062008207', 'id': '16', 'is_public': True, 'organization_id': None, 'priority': 'NORMAL', 'requester_id': '12540959778063', 'status': 'OPEN', 'subject': 'Telegram Support - Roger', 'submitter_id': '12540959778063', 'tags': None, 'type': 'QUESTION', 'updated_at': '2025-04-27T11:12:42Z', 'via': {'channel': 'web_service'}}, 'event': {}, 'id': '59266b87-e844-42ac-85d1-6f84d1756f21', 'subject': 'zen:ticket:16', 'time': '2025-04-27T11:12:42.252012370Z', 'type': 'zen:event-type:ticket.created', 'zendesk_event_version': '2022-11-06'}
Received webhook request
Received webhook data: {'account_id': 24951610, 'detail': {'actor_id': '12539082960655', 'assignee_id': '12539082960655', 'brand_id': '12539061997583', 'created_at': '2025-04-27T11:12:42Z', 'custom_status': '12539062003087', 'description': 'Xcb', 'external_id': None, 'form_id': '12539061969679', 'group_id': '12539062008207', 'id': '16', 'is_public': True, 'organization_id': None, 'priority': 'NORMAL', 'requester_id': '12540959778063', 'status': 'OPEN', 'subject': 'Telegram Support - Roger', 'submitter_id': '12540959778063', 'tags': None, 'type': 'QUESTION', 'updated_at': '2025-04-27T11:12:42Z', 'via': {'channel': 'web_service'}}, 'event': {'current': 'Xcb', 'previous': None}, 'id': '5d8e9a10-1bdb-4127-aaf7-15688de68604', 'subject': 'zen:ticket:16', 'time': '2025-04-27T11:12:42.252012370Z', 'type': 'zen:event-type:ticket.description_changed', 'zendesk_event_version': '2022-11-06'}
Received webhook request
Received webhook request
Request data: {'account_id': 24951610, 'detail': {'actor_id': '12539082960655', 'assignee_id': '12539082960655', 'brand_id': '12539061997583', 'created_at': '2025-04-27T11:12:42Z', 'custom_status': '12539062003087', 'description': 'Xcb', 'external_id': None, 'form_id': '12539061969679', 'group_id': '12539062008207', 'id': '16', 'is_public': True, 'organization_id': None, 'priority': 'NORMAL', 'requester_id': '12540959778063', 'status': 'OPEN', 'subject': 'Telegram Support - Roger', 'submitter_id': '12540959778063', 'tags': None, 'type': 'QUESTION', 'updated_at': '2025-04-27T11:12:42Z', 'via': {'channel': 'web_service'}}, 'event': {'current': '12539082960655', 'previous': None}, 'id': '9c3dc52f-e23b-4583-ad94-d7e6bdc58b36', 'subject': 'zen:ticket:16', 'time': '2025-04-27T11:12:42.252012370Z', 'type': 'zen:event-type:ticket.agent_assignment_changed', 'zendesk_event_version': '2022-11-06'}
Processing comment added event
Request data: {'account_id': 24951610, 'detail': {'actor_id': '12539082960655', 'assignee_id': '12539082960655', 'brand_id': '12539061997583', 'created_at': '2025-04-27T11:12:42Z', 'custom_status': '12539062003087', 'description': 'Xcb', 'external_id': None, 'form_id': '12539061969679', 'group_id': '12539062008207', 'id': '16', 'is_public': True, 'organization_id': None, 'priority': 'NORMAL', 'requester_id': '12540959778063', 'status': 'OPEN', 'subject': 'Telegram Support - Roger', 'submitter_id': '12540959778063', 'tags': None, 'type': 'QUESTION', 'updated_at': '2025-04-27T11:12:42Z', 'via': {'channel': 'web_service'}}, 'event': {'current': 'Telegram Support - Roger', 'previous': None}, 'id': '088743c6-73f7-4280-a741-ae0717277bc9', 'subject': 'zen:ticket:16', 'time': '2025-04-27T11:12:42.252012370Z', 'type': 'zen:event-type:ticket.subject_changed', 'zendesk_event_version': '2022-11-06'}
Received webhook data: {'account_id': 24951610, 'detail': {'actor_id': '12539082960655', 'assignee_id': '12539082960655', 'brand_id': '12539061997583', 'created_at': '2025-04-27T11:12:42Z', 'custom_status': '12539062003087', 'description': 'Xcb', 'external_id': None, 'form_id': '12539061969679', 'group_id': '12539062008207', 'id': '16', 'is_public': True, 'organization_id': None, 'priority': 'NORMAL', 'requester_id': '12540959778063', 'status': 'OPEN', 'subject': 'Telegram Support - Roger', 'submitter_id': '12540959778063', 'tags': None, 'type': 'QUESTION', 'updated_at': '2025-04-27T11:12:42Z', 'via': {'channel': 'web_service'}}, 'event': {'current': '12540959778063', 'previous': None}, 'id': '66ccf9ac-d188-413a-ba35-49f88852f357', 'subject': 'zen:ticket:16', 'time': '2025-04-27T11:12:42.252012370Z', 'type': 'zen:event-type:ticket.submitter_changed', 'zendesk_event_version': '2022-11-06'}
Request data: {'account_id': 24951610, 'detail': {'actor_id': '12539082960655', 'assignee_id': '12539082960655', 'brand_id': '12539061997583', 'created_at': '2025-04-27T11:12:42Z', 'custom_status': '12539062003087', 'description': 'Xcb', 'external_id': None, 'form_id': '12539061969679', 'group_id': '12539062008207', 'id': '16', 'is_public': True, 'organization_id': None, 'priority': 'NORMAL', 'requester_id': '12540959778063', 'status': 'OPEN', 'subject': 'Telegram Support - Roger', 'submitter_id': '12540959778063', 'tags': None, 'type': 'QUESTION', 'updated_at': '2025-04-27T11:12:42Z', 'via': {'channel': 'web_service'}}, 'event': {'current': 'QUESTION', 'previous': None}, 'id': '54f19c24-4d9f-409e-ac07-6ed178084a0e', 'subject': 'zen:ticket:16', 'time': '2025-04-27T11:12:42.252012370Z', 'type': 'zen:event-type:ticket.type_changed', 'zendesk_event_version': '2022-11-06'}
Request data: {'account_id': 24951610, 'detail': {'actor_id': '12539082960655', 'assignee_id': '12539082960655', 'brand_id': '12539061997583', 'created_at': '2025-04-27T11:12:42Z', 'custom_status': '12539062003087', 'description': 'Xcb', 'external_id': None, 'form_id': '12539061969679', 'group_id': '12539062008207', 'id': '16', 'is_public': True, 'organization_id': None, 'priority': 'NORMAL', 'requester_id': '12540959778063', 'status': 'OPEN', 'subject': 'Telegram Support - Roger', 'submitter_id': '12540959778063', 'tags': None, 'type': 'QUESTION', 'updated_at': '2025-04-27T11:12:42Z', 'via': {'channel': 'web_service'}}, 'event': {'current': '12539061997583', 'previous': None}, 'id': 'fe5ebcf7-ab82-4588-95a3-eb6c7488588a', 'subject': 'zen:ticket:16', 'time': '2025-04-27T11:12:42.252012370Z', 'type': 'zen:event-type:ticket.brand_changed', 'zendesk_event_version': '2022-11-06'}
Received webhook data: {'account_id': 24951610, 'detail': {'actor_id': '12539082960655', 'assignee_id': '12539082960655', 'brand_id': '12539061997583', 'created_at': '2025-04-27T11:12:42Z', 'custom_status': '12539062003087', 'description': 'Xcb', 'external_id': None, 'form_id': '12539061969679', 'group_id': '12539062008207', 'id': '16', 'is_public': True, 'organization_id': None, 'priority': 'NORMAL', 'requester_id': '12540959778063', 'status': 'OPEN', 'subject': 'Telegram Support - Roger', 'submitter_id': '12540959778063', 'tags': None, 'type': 'QUESTION', 'updated_at': '2025-04-27T11:12:42Z', 'via': {'channel': 'web_service'}}, 'event': {}, 'id': '59266b87-e844-42ac-85d1-6f84d1756f21', 'subject': 'zen:ticket:16', 'time': '2025-04-27T11:12:42.252012370Z', 'type': 'zen:event-type:ticket.created', 'zendesk_event_version': '2022-11-06'}
Request data: {'account_id': 24951610, 'detail': {'actor_id': '12539082960655', 'assignee_id': '12539082960655', 'brand_id': '12539061997583', 'created_at': '2025-04-27T11:12:42Z', 'custom_status': '12539062003087', 'description': 'Xcb', 'external_id': None, 'form_id': '12539061969679', 'group_id': '12539062008207', 'id': '16', 'is_public': True, 'organization_id': None, 'priority': 'NORMAL', 'requester_id': '12540959778063', 'status': 'OPEN', 'subject': 'Telegram Support - Roger', 'submitter_id': '12540959778063', 'tags': None, 'type': 'QUESTION', 'updated_at': '2025-04-27T11:12:42Z', 'via': {'channel': 'web_service'}}, 'event': {'current': '12540959778063', 'previous': None}, 'id': 'bd69f5b8-96a2-4c84-ab55-4deeff5c115a', 'subject': 'zen:ticket:16', 'time': '2025-04-27T11:12:42.252012370Z', 'type': 'zen:event-type:ticket.requester_changed', 'zendesk_event_version': '2022-11-06'}
Request data: {'account_id': 24951610, 'detail': {'actor_id': '12539082960655', 'assignee_id': '12539082960655', 'brand_id': '12539061997583', 'created_at': '2025-04-27T11:12:42Z', 'custom_status': '12539062003087', 'description': 'Xcb', 'external_id': None, 'form_id': '12539061969679', 'group_id': '12539062008207', 'id': '16', 'is_public': True, 'organization_id': None, 'priority': 'NORMAL', 'requester_id': '12540959778063', 'status': 'OPEN', 'subject': 'Telegram Support - Roger', 'submitter_id': '12540959778063', 'tags': None, 'type': 'QUESTION', 'updated_at': '2025-04-27T11:12:42Z', 'via': {'channel': 'web_service'}}, 'event': {'current': 'OPEN', 'previous': 'NEW'}, 'id': 'af467df0-d51b-4b41-acc0-19d8ba930246', 'subject': 'zen:ticket:16', 'time': '2025-04-27T11:12:42.252012370Z', 'type': 'zen:event-type:ticket.status_changed', 'zendesk_event_version': '2022-11-06'}
Request data: {'account_id': 24951610, 'detail': {'actor_id': '12539082960655', 'assignee_id': '12539082960655', 'brand_id': '12539061997583', 'created_at': '2025-04-27T11:12:42Z', 'custom_status': '12539062003087', 'description': 'Xcb', 'external_id': None, 'form_id': '12539061969679', 'group_id': '12539062008207', 'id': '16', 'is_public': True, 'organization_id': None, 'priority': 'NORMAL', 'requester_id': '12540959778063', 'status': 'OPEN', 'subject': 'Telegram Support - Roger', 'submitter_id': '12540959778063', 'tags': None, 'type': 'QUESTION', 'updated_at': '2025-04-27T11:12:42Z', 'via': {'channel': 'web_service'}}, 'event': {'current': 'NORMAL', 'previous': None}, 'id': '8bdfada6-448d-4e28-b776-8678b728a23b', 'subject': 'zen:ticket:16', 'time': '2025-04-27T11:12:42.252012370Z', 'type': 'zen:event-type:ticket.priority_changed', 'zendesk_event_version': '2022-11-06'}
Received webhook data: {'account_id': 24951610, 'detail': {'actor_id': '12539082960655', 'assignee_id': '12539082960655', 'brand_id': '12539061997583', 'created_at': '2025-04-27T11:12:42Z', 'custom_status': '12539062003087', 'description': 'Xcb', 'external_id': None, 'form_id': '12539061969679', 'group_id': '12539062008207', 'id': '16', 'is_public': True, 'organization_id': None, 'priority': 'NORMAL', 'requester_id': '12540959778063', 'status': 'OPEN', 'subject': 'Telegram Support - Roger', 'submitter_id': '12540959778063', 'tags': None, 'type': 'QUESTION', 'updated_at': '2025-04-27T11:12:42Z', 'via': {'channel': 'web_service'}}, 'event': {'current': '12539082960655', 'previous': None}, 'id': '9c3dc52f-e23b-4583-ad94-d7e6bdc58b36', 'subject': 'zen:ticket:16', 'time': '2025-04-27T11:12:42.252012370Z', 'type': 'zen:event-type:ticket.agent_assignment_changed', 'zendesk_event_version': '2022-11-06'}
Processing ticket 16 with comment 12540967820047
Received webhook data: {'account_id': 24951610, 'detail': {'actor_id': '12539082960655', 'assignee_id': '12539082960655', 'brand_id': '12539061997583', 'created_at': '2025-04-27T11:12:42Z', 'custom_status': '12539062003087', 'description': 'Xcb', 'external_id': None, 'form_id': '12539061969679', 'group_id': '12539062008207', 'id': '16', 'is_public': True, 'organization_id': None, 'priority': 'NORMAL', 'requester_id': '12540959778063', 'status': 'OPEN', 'subject': 'Telegram Support - Roger', 'submitter_id': '12540959778063', 'tags': None, 'type': 'QUESTION', 'updated_at': '2025-04-27T11:12:42Z', 'via': {'channel': 'web_service'}}, 'event': {'current': 'Telegram Support - Roger', 'previous': None}, 'id': '088743c6-73f7-4280-a741-ae0717277bc9', 'subject': 'zen:ticket:16', 'time': '2025-04-27T11:12:42.252012370Z', 'type': 'zen:event-type:ticket.subject_changed', 'zendesk_event_version': '2022-11-06'}
Received webhook data: {'account_id': 24951610, 'detail': {'actor_id': '12539082960655', 'assignee_id': '12539082960655', 'brand_id': '12539061997583', 'created_at': '2025-04-27T11:12:42Z', 'custom_status': '12539062003087', 'description': 'Xcb', 'external_id': None, 'form_id': '12539061969679', 'group_id': '12539062008207', 'id': '16', 'is_public': True, 'organization_id': None, 'priority': 'NORMAL', 'requester_id': '12540959778063', 'status': 'OPEN', 'subject': 'Telegram Support - Roger', 'submitter_id': '12540959778063', 'tags': None, 'type': 'QUESTION', 'updated_at': '2025-04-27T11:12:42Z', 'via': {'channel': 'web_service'}}, 'event': {'current': 'QUESTION', 'previous': None}, 'id': '54f19c24-4d9f-409e-ac07-6ed178084a0e', 'subject': 'zen:ticket:16', 'time': '2025-04-27T11:12:42.252012370Z', 'type': 'zen:event-type:ticket.type_changed', 'zendesk_event_version': '2022-11-06'}
Received webhook data: {'account_id': 24951610, 'detail': {'actor_id': '12539082960655', 'assignee_id': '12539082960655', 'brand_id': '12539061997583', 'created_at': '2025-04-27T11:12:42Z', 'custom_status': '12539062003087', 'description': 'Xcb', 'external_id': None, 'form_id': '12539061969679', 'group_id': '12539062008207', 'id': '16', 'is_public': True, 'organization_id': None, 'priority': 'NORMAL', 'requester_id': '12540959778063', 'status': 'OPEN', 'subject': 'Telegram Support - Roger', 'submitter_id': '12540959778063', 'tags': None, 'type': 'QUESTION', 'updated_at': '2025-04-27T11:12:42Z', 'via': {'channel': 'web_service'}}, 'event': {'current': '12539061997583', 'previous': None}, 'id': 'fe5ebcf7-ab82-4588-95a3-eb6c7488588a', 'subject': 'zen:ticket:16', 'time': '2025-04-27T11:12:42.252012370Z', 'type': 'zen:event-type:ticket.brand_changed', 'zendesk_event_version': '2022-11-06'}
Received webhook data: {'account_id': 24951610, 'detail': {'actor_id': '12539082960655', 'assignee_id': '12539082960655', 'brand_id': '12539061997583', 'created_at': '2025-04-27T11:12:42Z', 'custom_status': '12539062003087', 'description': 'Xcb', 'external_id': None, 'form_id': '12539061969679', 'group_id': '12539062008207', 'id': '16', 'is_public': True, 'organization_id': None, 'priority': 'NORMAL', 'requester_id': '12540959778063', 'status': 'OPEN', 'subject': 'Telegram Support - Roger', 'submitter_id': '12540959778063', 'tags': None, 'type': 'QUESTION', 'updated_at': '2025-04-27T11:12:42Z', 'via': {'channel': 'web_service'}}, 'event': {'current': '12540959778063', 'previous': None}, 'id': 'bd69f5b8-96a2-4c84-ab55-4deeff5c115a', 'subject': 'zen:ticket:16', 'time': '2025-04-27T11:12:42.252012370Z', 'type': 'zen:event-type:ticket.requester_changed', 'zendesk_event_version': '2022-11-06'}
Received webhook data: {'account_id': 24951610, 'detail': {'actor_id': '12539082960655', 'assignee_id': '12539082960655', 'brand_id': '12539061997583', 'created_at': '2025-04-27T11:12:42Z', 'custom_status': '12539062003087', 'description': 'Xcb', 'external_id': None, 'form_id': '12539061969679', 'group_id': '12539062008207', 'id': '16', 'is_public': True, 'organization_id': None, 'priority': 'NORMAL', 'requester_id': '12540959778063', 'status': 'OPEN', 'subject': 'Telegram Support - Roger', 'submitter_id': '12540959778063', 'tags': None, 'type': 'QUESTION', 'updated_at': '2025-04-27T11:12:42Z', 'via': {'channel': 'web_service'}}, 'event': {'current': 'OPEN', 'previous': 'NEW'}, 'id': 'af467df0-d51b-4b41-acc0-19d8ba930246', 'subject': 'zen:ticket:16', 'time': '2025-04-27T11:12:42.252012370Z', 'type': 'zen:event-type:ticket.status_changed', 'zendesk_event_version': '2022-11-06'}
Received webhook data: {'account_id': 24951610, 'detail': {'actor_id': '12539082960655', 'assignee_id': '12539082960655', 'brand_id': '12539061997583', 'created_at': '2025-04-27T11:12:42Z', 'custom_status': '12539062003087', 'description': 'Xcb', 'external_id': None, 'form_id': '12539061969679', 'group_id': '12539062008207', 'id': '16', 'is_public': True, 'organization_id': None, 'priority': 'NORMAL', 'requester_id': '12540959778063', 'status': 'OPEN', 'subject': 'Telegram Support - Roger', 'submitter_id': '12540959778063', 'tags': None, 'type': 'QUESTION', 'updated_at': '2025-04-27T11:12:42Z', 'via': {'channel': 'web_service'}}, 'event': {'current': 'NORMAL', 'previous': None}, 'id': '8bdfada6-448d-4e28-b776-8678b728a23b', 'subject': 'zen:ticket:16', 'time': '2025-04-27T11:12:42.252012370Z', 'type': 'zen:event-type:ticket.priority_changed', 'zendesk_event_version': '2022-11-06'}
Requester ID from ticket: 12540959778063
Received webhook request
Request data: {'account_id': 24951610, 'detail': {'actor_id': '12539082960655', 'assignee_id': '12539082960655', 'brand_id': '12539061997583', 'created_at': '2025-04-27T11:12:42Z', 'custom_status': '12539062003087', 'description': 'Xcb', 'external_id': None, 'form_id': '12539061969679', 'group_id': '12539062008207', 'id': '16', 'is_public': True, 'organization_id': None, 'priority': 'NORMAL', 'requester_id': '12540959778063', 'status': 'OPEN', 'subject': 'Telegram Support - Roger', 'submitter_id': '12540959778063', 'tags': None, 'type': 'QUESTION', 'updated_at': '2025-04-27T11:12:42Z', 'via': {'channel': 'web_service'}}, 'event': {'current': '12539061969679', 'previous': None}, 'id': 'c4ec80f3-ecff-4a5f-a350-c3b8370f4667', 'subject': 'zen:ticket:16', 'time': '2025-04-27T11:12:42.252012370Z', 'type': 'zen:event-type:ticket.form_changed', 'zendesk_event_version': '2022-11-06'}
Received webhook request
Received webhook data: {'account_id': 24951610, 'detail': {'actor_id': '12539082960655', 'assignee_id': '12539082960655', 'brand_id': '12539061997583', 'created_at': '2025-04-27T11:12:42Z', 'custom_status': '12539062003087', 'description': 'Xcb', 'external_id': None, 'form_id': '12539061969679', 'group_id': '12539062008207', 'id': '16', 'is_public': True, 'organization_id': None, 'priority': 'NORMAL', 'requester_id': '12540959778063', 'status': 'OPEN', 'subject': 'Telegram Support - Roger', 'submitter_id': '12540959778063', 'tags': None, 'type': 'QUESTION', 'updated_at': '2025-04-27T11:12:42Z', 'via': {'channel': 'web_service'}}, 'event': {'current': '12539061969679', 'previous': None}, 'id': 'c4ec80f3-ecff-4a5f-a350-c3b8370f4667', 'subject': 'zen:ticket:16', 'time': '2025-04-27T11:12:42.252012370Z', 'type': 'zen:event-type:ticket.form_changed', 'zendesk_event_version': '2022-11-06'}
Request data: {'account_id': 24951610, 'detail': {'actor_id': '12539082960655', 'assignee_id': '12539082960655', 'brand_id': '12539061997583', 'created_at': '2025-04-27T11:12:42Z', 'custom_status': '12539062003087', 'description': 'Xcb', 'external_id': None, 'form_id': '12539061969679', 'group_id': '12539062008207', 'id': '16', 'is_public': True, 'organization_id': None, 'priority': 'NORMAL', 'requester_id': '12540959778063', 'status': 'OPEN', 'subject': 'Telegram Support - Roger', 'submitter_id': '12540959778063', 'tags': None, 'type': 'QUESTION', 'updated_at': '2025-04-27T11:12:42Z', 'via': {'channel': 'web_service'}}, 'event': {'current': '12539062008207', 'previous': None}, 'id': 'c073ca3d-a0e8-451b-b400-6ee82c01bd9b', 'subject': 'zen:ticket:16', 'time': '2025-04-27T11:12:42.252012370Z', 'type': 'zen:event-type:ticket.group_assignment_changed', 'zendesk_event_version': '2022-11-06'}
Received webhook data: {'account_id': 24951610, 'detail': {'actor_id': '12539082960655', 'assignee_id': '12539082960655', 'brand_id': '12539061997583', 'created_at': '2025-04-27T11:12:42Z', 'custom_status': '12539062003087', 'description': 'Xcb', 'external_id': None, 'form_id': '12539061969679', 'group_id': '12539062008207', 'id': '16', 'is_public': True, 'organization_id': None, 'priority': 'NORMAL', 'requester_id': '12540959778063', 'status': 'OPEN', 'subject': 'Telegram Support - Roger', 'submitter_id': '12540959778063', 'tags': None, 'type': 'QUESTION', 'updated_at': '2025-04-27T11:12:42Z', 'via': {'channel': 'web_service'}}, 'event': {'current': '12539062008207', 'previous': None}, 'id': 'c073ca3d-a0e8-451b-b400-6ee82c01bd9b', 'subject': 'zen:ticket:16', 'time': '2025-04-27T11:12:42.252012370Z', 'type': 'zen:event-type:ticket.group_assignment_changed', 'zendesk_event_version': '2022-11-06'}
Found Telegram ID from user external_id: 7812442825
Skipping comment from requester
Received webhook request
Request data: {'account_id': 24951610, 'detail': {'actor_id': '-1', 'assignee_id': '12539082960655', 'brand_id': '12539061997583', 'created_at': '2025-04-27T11:12:42Z', 'custom_status': '12539062003087', 'description': 'Xcb', 'external_id': None, 'form_id': '12539061969679', 'group_id': '12539062008207', 'id': '16', 'is_public': True, 'organization_id': None, 'priority': 'NORMAL', 'requester_id': '12540959778063', 'status': 'OPEN', 'subject': 'Telegram Support - Roger', 'submitter_id': '12540959778063', 'tags': ['system_email_notification_failure'], 'type': 'QUESTION', 'updated_at': '2025-04-27T11:12:43Z', 'via': {'channel': 'web_service'}}, 'event': {'tags_added': ['system_email_notification_failure'], 'tags_removed': []}, 'id': '7c30c84a-2a29-4a69-8d07-9dc4d0fd746b', 'subject': 'zen:ticket:16', 'time': '2025-04-27T11:12:43.723530449Z', 'type': 'zen:event-type:ticket.tags_changed', 'zendesk_event_version': '2022-11-06'}
Received webhook data: {'account_id': 24951610, 'detail': {'actor_id': '-1', 'assignee_id': '12539082960655', 'brand_id': '12539061997583', 'created_at': '2025-04-27T11:12:42Z', 'custom_status': '12539062003087', 'description': 'Xcb', 'external_id': None, 'form_id': '12539061969679', 'group_id': '12539062008207', 'id': '16', 'is_public': True, 'organization_id': None, 'priority': 'NORMAL', 'requester_id': '12540959778063', 'status': 'OPEN', 'subject': 'Telegram Support - Roger', 'submitter_id': '12540959778063', 'tags': ['system_email_notification_failure'], 'type': 'QUESTION', 'updated_at': '2025-04-27T11:12:43Z', 'via': {'channel': 'web_service'}}, 'event': {'tags_added': ['system_email_notification_failure'], 'tags_removed': []}, 'id': '7c30c84a-2a29-4a69-8d07-9dc4d0fd746b', 'subject': 'zen:ticket:16', 'time': '2025-04-27T11:12:43.723530449Z', 'type': 'zen:event-type:ticket.tags_changed', 'zendesk_event_version': '2022-11-06'}
Received webhook request
Request data: {'account_id': 24951610, 'detail': {'actor_id': '12539082960655', 'assignee_id': '12539082960655', 'brand_id': '12539061997583', 'created_at': '2025-04-27T11:13:31Z', 'custom_status': '12539062003087', 'description': 'Xcb', 'external_id': None, 'form_id': '12539061969679', 'group_id': '12539062008207', 'id': '17', 'is_public': True, 'organization_id': None, 'priority': 'NORMAL', 'requester_id': '12540959778063', 'status': 'OPEN', 'subject': 'Telegram Support - Roger', 'submitter_id': '12540959778063', 'tags': None, 'type': 'QUESTION', 'updated_at': '2025-04-27T11:13:31Z', 'via': {'channel': 'web_service'}}, 'event': {'comment': {'author': {'id': '12540959778063', 'is_staff': False, 'name': 'Roger W'}, 'body': 'Xcb', 'id': '12540999671823', 'is_public': True}}, 'id': '139d00d8-99fe-4c74-9951-09ca2b5bdeb3', 'subject': 'zen:ticket:17', 'time': '2025-04-27T11:13:31.704615796Z', 'type': 'zen:event-type:ticket.comment_added', 'zendesk_event_version': '2022-11-06'}
Received webhook data: {'account_id': 24951610, 'detail': {'actor_id': '12539082960655', 'assignee_id': '12539082960655', 'brand_id': '12539061997583', 'created_at': '2025-04-27T11:13:31Z', 'custom_status': '12539062003087', 'description': 'Xcb', 'external_id': None, 'form_id': '12539061969679', 'group_id': '12539062008207', 'id': '17', 'is_public': True, 'organization_id': None, 'priority': 'NORMAL', 'requester_id': '12540959778063', 'status': 'OPEN', 'subject': 'Telegram Support - Roger', 'submitter_id': '12540959778063', 'tags': None, 'type': 'QUESTION', 'updated_at': '2025-04-27T11:13:31Z', 'via': {'channel': 'web_service'}}, 'event': {'comment': {'author': {'id': '12540959778063', 'is_staff': False, 'name': 'Roger W'}, 'body': 'Xcb', 'id': '12540999671823', 'is_public': True}}, 'id': '139d00d8-99fe-4c74-9951-09ca2b5bdeb3', 'subject': 'zen:ticket:17', 'time': '2025-04-27T11:13:31.704615796Z', 'type': 'zen:event-type:ticket.comment_added', 'zendesk_event_version': '2022-11-06'}
Processing comment added event
Processing ticket 17 with comment 12540999671823
Requester ID from ticket: 12540959778063
Received webhook request
Request data: {'account_id': 24951610, 'detail': {'actor_id': '12539082960655', 'assignee_id': '12539082960655', 'brand_id': '12539061997583', 'created_at': '2025-04-27T11:13:31Z', 'custom_status': '12539062003087', 'description': 'Xcb', 'external_id': None, 'form_id': '12539061969679', 'group_id': '12539062008207', 'id': '17', 'is_public': True, 'organization_id': None, 'priority': 'NORMAL', 'requester_id': '12540959778063', 'status': 'OPEN', 'subject': 'Telegram Support - Roger', 'submitter_id': '12540959778063', 'tags': None, 'type': 'QUESTION', 'updated_at': '2025-04-27T11:13:31Z', 'via': {'channel': 'web_service'}}, 'event': {}, 'id': '85c07576-407b-441a-9dc7-1db132ff6f08', 'subject': 'zen:ticket:17', 'time': '2025-04-27T11:13:31.704615796Z', 'type': 'zen:event-type:ticket.created', 'zendesk_event_version': '2022-11-06'}
Received webhook request
Received webhook data: {'account_id': 24951610, 'detail': {'actor_id': '12539082960655', 'assignee_id': '12539082960655', 'brand_id': '12539061997583', 'created_at': '2025-04-27T11:13:31Z', 'custom_status': '12539062003087', 'description': 'Xcb', 'external_id': None, 'form_id': '12539061969679', 'group_id': '12539062008207', 'id': '17', 'is_public': True, 'organization_id': None, 'priority': 'NORMAL', 'requester_id': '12540959778063', 'status': 'OPEN', 'subject': 'Telegram Support - Roger', 'submitter_id': '12540959778063', 'tags': None, 'type': 'QUESTION', 'updated_at': '2025-04-27T11:13:31Z', 'via': {'channel': 'web_service'}}, 'event': {}, 'id': '85c07576-407b-441a-9dc7-1db132ff6f08', 'subject': 'zen:ticket:17', 'time': '2025-04-27T11:13:31.704615796Z', 'type': 'zen:event-type:ticket.created', 'zendesk_event_version': '2022-11-06'}
Received webhook request
Received webhook request
Request data: {'account_id': 24951610, 'detail': {'actor_id': '12539082960655', 'assignee_id': '12539082960655', 'brand_id': '12539061997583', 'created_at': '2025-04-27T11:13:31Z', 'custom_status': '12539062003087', 'description': 'Xcb', 'external_id': None, 'form_id': '12539061969679', 'group_id': '12539062008207', 'id': '17', 'is_public': True, 'organization_id': None, 'priority': 'NORMAL', 'requester_id': '12540959778063', 'status': 'OPEN', 'subject': 'Telegram Support - Roger', 'submitter_id': '12540959778063', 'tags': None, 'type': 'QUESTION', 'updated_at': '2025-04-27T11:13:31Z', 'via': {'channel': 'web_service'}}, 'event': {'current': 'Telegram Support - Roger', 'previous': None}, 'id': '8e42cc5d-73bd-47df-bef8-40ccfe569504', 'subject': 'zen:ticket:17', 'time': '2025-04-27T11:13:31.704615796Z', 'type': 'zen:event-type:ticket.subject_changed', 'zendesk_event_version': '2022-11-06'}
Received webhook request
Received webhook request
Received webhook request
Received webhook request
Request data: {'account_id': 24951610, 'detail': {'actor_id': '12539082960655', 'assignee_id': '12539082960655', 'brand_id': '12539061997583', 'created_at': '2025-04-27T11:13:31Z', 'custom_status': '12539062003087', 'description': 'Xcb', 'external_id': None, 'form_id': '12539061969679', 'group_id': '12539062008207', 'id': '17', 'is_public': True, 'organization_id': None, 'priority': 'NORMAL', 'requester_id': '12540959778063', 'status': 'OPEN', 'subject': 'Telegram Support - Roger', 'submitter_id': '12540959778063', 'tags': None, 'type': 'QUESTION', 'updated_at': '2025-04-27T11:13:31Z', 'via': {'channel': 'web_service'}}, 'event': {'current': 'QUESTION', 'previous': None}, 'id': '02f98dc3-a89c-4306-9a78-ee64a29eb00d', 'subject': 'zen:ticket:17', 'time': '2025-04-27T11:13:31.704615796Z', 'type': 'zen:event-type:ticket.type_changed', 'zendesk_event_version': '2022-11-06'}
Received webhook request
Received webhook request
Request data: {'account_id': 24951610, 'detail': {'actor_id': '12539082960655', 'assignee_id': '12539082960655', 'brand_id': '12539061997583', 'created_at': '2025-04-27T11:13:31Z', 'custom_status': '12539062003087', 'description': 'Xcb', 'external_id': None, 'form_id': '12539061969679', 'group_id': '12539062008207', 'id': '17', 'is_public': True, 'organization_id': None, 'priority': 'NORMAL', 'requester_id': '12540959778063', 'status': 'OPEN', 'subject': 'Telegram Support - Roger', 'submitter_id': '12540959778063', 'tags': None, 'type': 'QUESTION', 'updated_at': '2025-04-27T11:13:31Z', 'via': {'channel': 'web_service'}}, 'event': {'current': '12539062003087', 'previous': None}, 'id': '21c8fe3c-0eb5-4da7-9857-3113cfd9eb72', 'subject': 'zen:ticket:17', 'time': '2025-04-27T11:13:31.704615796Z', 'type': 'zen:event-type:ticket.custom_status_changed', 'zendesk_event_version': '2022-11-06'}
Received webhook request
Received webhook data: {'account_id': 24951610, 'detail': {'actor_id': '12539082960655', 'assignee_id': '12539082960655', 'brand_id': '12539061997583', 'created_at': '2025-04-27T11:13:31Z', 'custom_status': '12539062003087', 'description': 'Xcb', 'external_id': None, 'form_id': '12539061969679', 'group_id': '12539062008207', 'id': '17', 'is_public': True, 'organization_id': None, 'priority': 'NORMAL', 'requester_id': '12540959778063', 'status': 'OPEN', 'subject': 'Telegram Support - Roger', 'submitter_id': '12540959778063', 'tags': None, 'type': 'QUESTION', 'updated_at': '2025-04-27T11:13:31Z', 'via': {'channel': 'web_service'}}, 'event': {'current': 'Telegram Support - Roger', 'previous': None}, 'id': '8e42cc5d-73bd-47df-bef8-40ccfe569504', 'subject': 'zen:ticket:17', 'time': '2025-04-27T11:13:31.704615796Z', 'type': 'zen:event-type:ticket.subject_changed', 'zendesk_event_version': '2022-11-06'}
Received webhook request
Request data: {'account_id': 24951610, 'detail': {'actor_id': '12539082960655', 'assignee_id': '12539082960655', 'brand_id': '12539061997583', 'created_at': '2025-04-27T11:13:31Z', 'custom_status': '12539062003087', 'description': 'Xcb', 'external_id': None, 'form_id': '12539061969679', 'group_id': '12539062008207', 'id': '17', 'is_public': True, 'organization_id': None, 'priority': 'NORMAL', 'requester_id': '12540959778063', 'status': 'OPEN', 'subject': 'Telegram Support - Roger', 'submitter_id': '12540959778063', 'tags': None, 'type': 'QUESTION', 'updated_at': '2025-04-27T11:13:31Z', 'via': {'channel': 'web_service'}}, 'event': {'current': 'NORMAL', 'previous': None}, 'id': '856cf52f-ea1b-450d-9e24-0c2752674707', 'subject': 'zen:ticket:17', 'time': '2025-04-27T11:13:31.704615796Z', 'type': 'zen:event-type:ticket.priority_changed', 'zendesk_event_version': '2022-11-06'}
Request data: {'account_id': 24951610, 'detail': {'actor_id': '12539082960655', 'assignee_id': '12539082960655', 'brand_id': '12539061997583', 'created_at': '2025-04-27T11:13:31Z', 'custom_status': '12539062003087', 'description': 'Xcb', 'external_id': None, 'form_id': '12539061969679', 'group_id': '12539062008207', 'id': '17', 'is_public': True, 'organization_id': None, 'priority': 'NORMAL', 'requester_id': '12540959778063', 'status': 'OPEN', 'subject': 'Telegram Support - Roger', 'submitter_id': '12540959778063', 'tags': None, 'type': 'QUESTION', 'updated_at': '2025-04-27T11:13:31Z', 'via': {'channel': 'web_service'}}, 'event': {'current': '12539083047311', 'previous': None}, 'id': '1735c065-4661-47fc-a273-772392ed4864', 'subject': 'zen:ticket:17', 'time': '2025-04-27T11:13:31.704615796Z', 'type': 'zen:event-type:ticket.sla_policy_changed', 'zendesk_event_version': '2022-11-06'}
Request data: {'account_id': 24951610, 'detail': {'actor_id': '12539082960655', 'assignee_id': '12539082960655', 'brand_id': '12539061997583', 'created_at': '2025-04-27T11:13:31Z', 'custom_status': '12539062003087', 'description': 'Xcb', 'external_id': None, 'form_id': '12539061969679', 'group_id': '12539062008207', 'id': '17', 'is_public': True, 'organization_id': None, 'priority': 'NORMAL', 'requester_id': '12540959778063', 'status': 'OPEN', 'subject': 'Telegram Support - Roger', 'submitter_id': '12540959778063', 'tags': None, 'type': 'QUESTION', 'updated_at': '2025-04-27T11:13:31Z', 'via': {'channel': 'web_service'}}, 'event': {'current': '12540959778063', 'previous': None}, 'id': 'd431c0d4-8ae7-47a3-8fb8-0e21d34d9662', 'subject': 'zen:ticket:17', 'time': '2025-04-27T11:13:31.704615796Z', 'type': 'zen:event-type:ticket.requester_changed', 'zendesk_event_version': '2022-11-06'}
Request data: {'account_id': 24951610, 'detail': {'actor_id': '12539082960655', 'assignee_id': '12539082960655', 'brand_id': '12539061997583', 'created_at': '2025-04-27T11:13:31Z', 'custom_status': '12539062003087', 'description': 'Xcb', 'external_id': None, 'form_id': '12539061969679', 'group_id': '12539062008207', 'id': '17', 'is_public': True, 'organization_id': None, 'priority': 'NORMAL', 'requester_id': '12540959778063', 'status': 'OPEN', 'subject': 'Telegram Support - Roger', 'submitter_id': '12540959778063', 'tags': None, 'type': 'QUESTION', 'updated_at': '2025-04-27T11:13:31Z', 'via': {'channel': 'web_service'}}, 'event': {'current': 'Xcb', 'previous': None}, 'id': 'edfbad96-47aa-4804-ad0e-3552abc579f4', 'subject': 'zen:ticket:17', 'time': '2025-04-27T11:13:31.704615796Z', 'type': 'zen:event-type:ticket.description_changed', 'zendesk_event_version': '2022-11-06'}
Received webhook data: {'account_id': 24951610, 'detail': {'actor_id': '12539082960655', 'assignee_id': '12539082960655', 'brand_id': '12539061997583', 'created_at': '2025-04-27T11:13:31Z', 'custom_status': '12539062003087', 'description': 'Xcb', 'external_id': None, 'form_id': '12539061969679', 'group_id': '12539062008207', 'id': '17', 'is_public': True, 'organization_id': None, 'priority': 'NORMAL', 'requester_id': '12540959778063', 'status': 'OPEN', 'subject': 'Telegram Support - Roger', 'submitter_id': '12540959778063', 'tags': None, 'type': 'QUESTION', 'updated_at': '2025-04-27T11:13:31Z', 'via': {'channel': 'web_service'}}, 'event': {'current': 'QUESTION', 'previous': None}, 'id': '02f98dc3-a89c-4306-9a78-ee64a29eb00d', 'subject': 'zen:ticket:17', 'time': '2025-04-27T11:13:31.704615796Z', 'type': 'zen:event-type:ticket.type_changed', 'zendesk_event_version': '2022-11-06'}
Request data: {'account_id': 24951610, 'detail': {'actor_id': '12539082960655', 'assignee_id': '12539082960655', 'brand_id': '12539061997583', 'created_at': '2025-04-27T11:13:31Z', 'custom_status': '12539062003087', 'description': 'Xcb', 'external_id': None, 'form_id': '12539061969679', 'group_id': '12539062008207', 'id': '17', 'is_public': True, 'organization_id': None, 'priority': 'NORMAL', 'requester_id': '12540959778063', 'status': 'OPEN', 'subject': 'Telegram Support - Roger', 'submitter_id': '12540959778063', 'tags': None, 'type': 'QUESTION', 'updated_at': '2025-04-27T11:13:31Z', 'via': {'channel': 'web_service'}}, 'event': {'current': '12539082960655', 'previous': None}, 'id': '1b678254-fafe-453e-af8f-65a28e9fe9fc', 'subject': 'zen:ticket:17', 'time': '2025-04-27T11:13:31.704615796Z', 'type': 'zen:event-type:ticket.agent_assignment_changed', 'zendesk_event_version': '2022-11-06'}
Request data: {'account_id': 24951610, 'detail': {'actor_id': '12539082960655', 'assignee_id': '12539082960655', 'brand_id': '12539061997583', 'created_at': '2025-04-27T11:13:31Z', 'custom_status': '12539062003087', 'description': 'Xcb', 'external_id': None, 'form_id': '12539061969679', 'group_id': '12539062008207', 'id': '17', 'is_public': True, 'organization_id': None, 'priority': 'NORMAL', 'requester_id': '12540959778063', 'status': 'OPEN', 'subject': 'Telegram Support - Roger', 'submitter_id': '12540959778063', 'tags': None, 'type': 'QUESTION', 'updated_at': '2025-04-27T11:13:31Z', 'via': {'channel': 'web_service'}}, 'event': {'current': '12539061997583', 'previous': None}, 'id': '4d3b22a3-0f0a-4863-b870-df0a1a2a5c67', 'subject': 'zen:ticket:17', 'time': '2025-04-27T11:13:31.704615796Z', 'type': 'zen:event-type:ticket.brand_changed', 'zendesk_event_version': '2022-11-06'}
Received webhook data: {'account_id': 24951610, 'detail': {'actor_id': '12539082960655', 'assignee_id': '12539082960655', 'brand_id': '12539061997583', 'created_at': '2025-04-27T11:13:31Z', 'custom_status': '12539062003087', 'description': 'Xcb', 'external_id': None, 'form_id': '12539061969679', 'group_id': '12539062008207', 'id': '17', 'is_public': True, 'organization_id': None, 'priority': 'NORMAL', 'requester_id': '12540959778063', 'status': 'OPEN', 'subject': 'Telegram Support - Roger', 'submitter_id': '12540959778063', 'tags': None, 'type': 'QUESTION', 'updated_at': '2025-04-27T11:13:31Z', 'via': {'channel': 'web_service'}}, 'event': {'current': '12539062003087', 'previous': None}, 'id': '21c8fe3c-0eb5-4da7-9857-3113cfd9eb72', 'subject': 'zen:ticket:17', 'time': '2025-04-27T11:13:31.704615796Z', 'type': 'zen:event-type:ticket.custom_status_changed', 'zendesk_event_version': '2022-11-06'}
Request data: {'account_id': 24951610, 'detail': {'actor_id': '12539082960655', 'assignee_id': '12539082960655', 'brand_id': '12539061997583', 'created_at': '2025-04-27T11:13:31Z', 'custom_status': '12539062003087', 'description': 'Xcb', 'external_id': None, 'form_id': '12539061969679', 'group_id': '12539062008207', 'id': '17', 'is_public': True, 'organization_id': None, 'priority': 'NORMAL', 'requester_id': '12540959778063', 'status': 'OPEN', 'subject': 'Telegram Support - Roger', 'submitter_id': '12540959778063', 'tags': None, 'type': 'QUESTION', 'updated_at': '2025-04-27T11:13:31Z', 'via': {'channel': 'web_service'}}, 'event': {'current': 'OPEN', 'previous': 'NEW'}, 'id': '2e3b768c-6367-4393-843a-d53f186616fb', 'subject': 'zen:ticket:17', 'time': '2025-04-27T11:13:31.704615796Z', 'type': 'zen:event-type:ticket.status_changed', 'zendesk_event_version': '2022-11-06'}
Request data: {'account_id': 24951610, 'detail': {'actor_id': '12539082960655', 'assignee_id': '12539082960655', 'brand_id': '12539061997583', 'created_at': '2025-04-27T11:13:31Z', 'custom_status': '12539062003087', 'description': 'Xcb', 'external_id': None, 'form_id': '12539061969679', 'group_id': '12539062008207', 'id': '17', 'is_public': True, 'organization_id': None, 'priority': 'NORMAL', 'requester_id': '12540959778063', 'status': 'OPEN', 'subject': 'Telegram Support - Roger', 'submitter_id': '12540959778063', 'tags': None, 'type': 'QUESTION', 'updated_at': '2025-04-27T11:13:31Z', 'via': {'channel': 'web_service'}}, 'event': {'current': '12540959778063', 'previous': None}, 'id': '521feec0-7df4-450f-8d91-e5b7c43c3608', 'subject': 'zen:ticket:17', 'time': '2025-04-27T11:13:31.704615796Z', 'type': 'zen:event-type:ticket.submitter_changed', 'zendesk_event_version': '2022-11-06'}
Received webhook data: {'account_id': 24951610, 'detail': {'actor_id': '12539082960655', 'assignee_id': '12539082960655', 'brand_id': '12539061997583', 'created_at': '2025-04-27T11:13:31Z', 'custom_status': '12539062003087', 'description': 'Xcb', 'external_id': None, 'form_id': '12539061969679', 'group_id': '12539062008207', 'id': '17', 'is_public': True, 'organization_id': None, 'priority': 'NORMAL', 'requester_id': '12540959778063', 'status': 'OPEN', 'subject': 'Telegram Support - Roger', 'submitter_id': '12540959778063', 'tags': None, 'type': 'QUESTION', 'updated_at': '2025-04-27T11:13:31Z', 'via': {'channel': 'web_service'}}, 'event': {'current': 'NORMAL', 'previous': None}, 'id': '856cf52f-ea1b-450d-9e24-0c2752674707', 'subject': 'zen:ticket:17', 'time': '2025-04-27T11:13:31.704615796Z', 'type': 'zen:event-type:ticket.priority_changed', 'zendesk_event_version': '2022-11-06'}
Received webhook data: {'account_id': 24951610, 'detail': {'actor_id': '12539082960655', 'assignee_id': '12539082960655', 'brand_id': '12539061997583', 'created_at': '2025-04-27T11:13:31Z', 'custom_status': '12539062003087', 'description': 'Xcb', 'external_id': None, 'form_id': '12539061969679', 'group_id': '12539062008207', 'id': '17', 'is_public': True, 'organization_id': None, 'priority': 'NORMAL', 'requester_id': '12540959778063', 'status': 'OPEN', 'subject': 'Telegram Support - Roger', 'submitter_id': '12540959778063', 'tags': None, 'type': 'QUESTION', 'updated_at': '2025-04-27T11:13:31Z', 'via': {'channel': 'web_service'}}, 'event': {'current': '12539083047311', 'previous': None}, 'id': '1735c065-4661-47fc-a273-772392ed4864', 'subject': 'zen:ticket:17', 'time': '2025-04-27T11:13:31.704615796Z', 'type': 'zen:event-type:ticket.sla_policy_changed', 'zendesk_event_version': '2022-11-06'}
Received webhook data: {'account_id': 24951610, 'detail': {'actor_id': '12539082960655', 'assignee_id': '12539082960655', 'brand_id': '12539061997583', 'created_at': '2025-04-27T11:13:31Z', 'custom_status': '12539062003087', 'description': 'Xcb', 'external_id': None, 'form_id': '12539061969679', 'group_id': '12539062008207', 'id': '17', 'is_public': True, 'organization_id': None, 'priority': 'NORMAL', 'requester_id': '12540959778063', 'status': 'OPEN', 'subject': 'Telegram Support - Roger', 'submitter_id': '12540959778063', 'tags': None, 'type': 'QUESTION', 'updated_at': '2025-04-27T11:13:31Z', 'via': {'channel': 'web_service'}}, 'event': {'current': '12540959778063', 'previous': None}, 'id': 'd431c0d4-8ae7-47a3-8fb8-0e21d34d9662', 'subject': 'zen:ticket:17', 'time': '2025-04-27T11:13:31.704615796Z', 'type': 'zen:event-type:ticket.requester_changed', 'zendesk_event_version': '2022-11-06'}
Received webhook data: {'account_id': 24951610, 'detail': {'actor_id': '12539082960655', 'assignee_id': '12539082960655', 'brand_id': '12539061997583', 'created_at': '2025-04-27T11:13:31Z', 'custom_status': '12539062003087', 'description': 'Xcb', 'external_id': None, 'form_id': '12539061969679', 'group_id': '12539062008207', 'id': '17', 'is_public': True, 'organization_id': None, 'priority': 'NORMAL', 'requester_id': '12540959778063', 'status': 'OPEN', 'subject': 'Telegram Support - Roger', 'submitter_id': '12540959778063', 'tags': None, 'type': 'QUESTION', 'updated_at': '2025-04-27T11:13:31Z', 'via': {'channel': 'web_service'}}, 'event': {'current': 'Xcb', 'previous': None}, 'id': 'edfbad96-47aa-4804-ad0e-3552abc579f4', 'subject': 'zen:ticket:17', 'time': '2025-04-27T11:13:31.704615796Z', 'type': 'zen:event-type:ticket.description_changed', 'zendesk_event_version': '2022-11-06'}
Received webhook data: {'account_id': 24951610, 'detail': {'actor_id': '12539082960655', 'assignee_id': '12539082960655', 'brand_id': '12539061997583', 'created_at': '2025-04-27T11:13:31Z', 'custom_status': '12539062003087', 'description': 'Xcb', 'external_id': None, 'form_id': '12539061969679', 'group_id': '12539062008207', 'id': '17', 'is_public': True, 'organization_id': None, 'priority': 'NORMAL', 'requester_id': '12540959778063', 'status': 'OPEN', 'subject': 'Telegram Support - Roger', 'submitter_id': '12540959778063', 'tags': None, 'type': 'QUESTION', 'updated_at': '2025-04-27T11:13:31Z', 'via': {'channel': 'web_service'}}, 'event': {'current': '12539082960655', 'previous': None}, 'id': '1b678254-fafe-453e-af8f-65a28e9fe9fc', 'subject': 'zen:ticket:17', 'time': '2025-04-27T11:13:31.704615796Z', 'type': 'zen:event-type:ticket.agent_assignment_changed', 'zendesk_event_version': '2022-11-06'}
Received webhook data: {'account_id': 24951610, 'detail': {'actor_id': '12539082960655', 'assignee_id': '12539082960655', 'brand_id': '12539061997583', 'created_at': '2025-04-27T11:13:31Z', 'custom_status': '12539062003087', 'description': 'Xcb', 'external_id': None, 'form_id': '12539061969679', 'group_id': '12539062008207', 'id': '17', 'is_public': True, 'organization_id': None, 'priority': 'NORMAL', 'requester_id': '12540959778063', 'status': 'OPEN', 'subject': 'Telegram Support - Roger', 'submitter_id': '12540959778063', 'tags': None, 'type': 'QUESTION', 'updated_at': '2025-04-27T11:13:31Z', 'via': {'channel': 'web_service'}}, 'event': {'current': '12539061997583', 'previous': None}, 'id': '4d3b22a3-0f0a-4863-b870-df0a1a2a5c67', 'subject': 'zen:ticket:17', 'time': '2025-04-27T11:13:31.704615796Z', 'type': 'zen:event-type:ticket.brand_changed', 'zendesk_event_version': '2022-11-06'}
Received webhook data: {'account_id': 24951610, 'detail': {'actor_id': '12539082960655', 'assignee_id': '12539082960655', 'brand_id': '12539061997583', 'created_at': '2025-04-27T11:13:31Z', 'custom_status': '12539062003087', 'description': 'Xcb', 'external_id': None, 'form_id': '12539061969679', 'group_id': '12539062008207', 'id': '17', 'is_public': True, 'organization_id': None, 'priority': 'NORMAL', 'requester_id': '12540959778063', 'status': 'OPEN', 'subject': 'Telegram Support - Roger', 'submitter_id': '12540959778063', 'tags': None, 'type': 'QUESTION', 'updated_at': '2025-04-27T11:13:31Z', 'via': {'channel': 'web_service'}}, 'event': {'current': 'OPEN', 'previous': 'NEW'}, 'id': '2e3b768c-6367-4393-843a-d53f186616fb', 'subject': 'zen:ticket:17', 'time': '2025-04-27T11:13:31.704615796Z', 'type': 'zen:event-type:ticket.status_changed', 'zendesk_event_version': '2022-11-06'}
Received webhook data: {'account_id': 24951610, 'detail': {'actor_id': '12539082960655', 'assignee_id': '12539082960655', 'brand_id': '12539061997583', 'created_at': '2025-04-27T11:13:31Z', 'custom_status': '12539062003087', 'description': 'Xcb', 'external_id': None, 'form_id': '12539061969679', 'group_id': '12539062008207', 'id': '17', 'is_public': True, 'organization_id': None, 'priority': 'NORMAL', 'requester_id': '12540959778063', 'status': 'OPEN', 'subject': 'Telegram Support - Roger', 'submitter_id': '12540959778063', 'tags': None, 'type': 'QUESTION', 'updated_at': '2025-04-27T11:13:31Z', 'via': {'channel': 'web_service'}}, 'event': {'current': '12540959778063', 'previous': None}, 'id': '521feec0-7df4-450f-8d91-e5b7c43c3608', 'subject': 'zen:ticket:17', 'time': '2025-04-27T11:13:31.704615796Z', 'type': 'zen:event-type:ticket.submitter_changed', 'zendesk_event_version': '2022-11-06'}
Received webhook request
Received webhook request
Request data: {'account_id': 24951610, 'detail': {'actor_id': '12539082960655', 'assignee_id': '12539082960655', 'brand_id': '12539061997583', 'created_at': '2025-04-27T11:13:31Z', 'custom_status': '12539062003087', 'description': 'Xcb', 'external_id': None, 'form_id': '12539061969679', 'group_id': '12539062008207', 'id': '17', 'is_public': True, 'organization_id': None, 'priority': 'NORMAL', 'requester_id': '12540959778063', 'status': 'OPEN', 'subject': 'Telegram Support - Roger', 'submitter_id': '12540959778063', 'tags': None, 'type': 'QUESTION', 'updated_at': '2025-04-27T11:13:31Z', 'via': {'channel': 'web_service'}}, 'event': {'current': '12539062008207', 'previous': None}, 'id': '67cb0f49-48e3-4405-b2dd-21294619dc6f', 'subject': 'zen:ticket:17', 'time': '2025-04-27T11:13:31.704615796Z', 'type': 'zen:event-type:ticket.group_assignment_changed', 'zendesk_event_version': '2022-11-06'}
Request data: {'account_id': 24951610, 'detail': {'actor_id': '12539082960655', 'assignee_id': '12539082960655', 'brand_id': '12539061997583', 'created_at': '2025-04-27T11:13:31Z', 'custom_status': '12539062003087', 'description': 'Xcb', 'external_id': None, 'form_id': '12539061969679', 'group_id': '12539062008207', 'id': '17', 'is_public': True, 'organization_id': None, 'priority': 'NORMAL', 'requester_id': '12540959778063', 'status': 'OPEN', 'subject': 'Telegram Support - Roger', 'submitter_id': '12540959778063', 'tags': None, 'type': 'QUESTION', 'updated_at': '2025-04-27T11:13:31Z', 'via': {'channel': 'web_service'}}, 'event': {'current': '12539061969679', 'previous': None}, 'id': 'bae1b10e-4980-4776-81d8-f0db92c2fb9e', 'subject': 'zen:ticket:17', 'time': '2025-04-27T11:13:31.704615796Z', 'type': 'zen:event-type:ticket.form_changed', 'zendesk_event_version': '2022-11-06'}
Received webhook data: {'account_id': 24951610, 'detail': {'actor_id': '12539082960655', 'assignee_id': '12539082960655', 'brand_id': '12539061997583', 'created_at': '2025-04-27T11:13:31Z', 'custom_status': '12539062003087', 'description': 'Xcb', 'external_id': None, 'form_id': '12539061969679', 'group_id': '12539062008207', 'id': '17', 'is_public': True, 'organization_id': None, 'priority': 'NORMAL', 'requester_id': '12540959778063', 'status': 'OPEN', 'subject': 'Telegram Support - Roger', 'submitter_id': '12540959778063', 'tags': None, 'type': 'QUESTION', 'updated_at': '2025-04-27T11:13:31Z', 'via': {'channel': 'web_service'}}, 'event': {'current': '12539062008207', 'previous': None}, 'id': '67cb0f49-48e3-4405-b2dd-21294619dc6f', 'subject': 'zen:ticket:17', 'time': '2025-04-27T11:13:31.704615796Z', 'type': 'zen:event-type:ticket.group_assignment_changed', 'zendesk_event_version': '2022-11-06'}
Received webhook data: {'account_id': 24951610, 'detail': {'actor_id': '12539082960655', 'assignee_id': '12539082960655', 'brand_id': '12539061997583', 'created_at': '2025-04-27T11:13:31Z', 'custom_status': '12539062003087', 'description': 'Xcb', 'external_id': None, 'form_id': '12539061969679', 'group_id': '12539062008207', 'id': '17', 'is_public': True, 'organization_id': None, 'priority': 'NORMAL', 'requester_id': '12540959778063', 'status': 'OPEN', 'subject': 'Telegram Support - Roger', 'submitter_id': '12540959778063', 'tags': None, 'type': 'QUESTION', 'updated_at': '2025-04-27T11:13:31Z', 'via': {'channel': 'web_service'}}, 'event': {'current': '12539061969679', 'previous': None}, 'id': 'bae1b10e-4980-4776-81d8-f0db92c2fb9e', 'subject': 'zen:ticket:17', 'time': '2025-04-27T11:13:31.704615796Z', 'type': 'zen:event-type:ticket.form_changed', 'zendesk_event_version': '2022-11-06'}
Found Telegram ID from user external_id: 7812442825
Skipping comment from requester
Received webhook request
Request data: {'account_id': 24951610, 'detail': {'actor_id': '-1', 'assignee_id': '12539082960655', 'brand_id': '12539061997583', 'created_at': '2025-04-27T11:13:31Z', 'custom_status': '12539062003087', 'description': 'Xcb', 'external_id': None, 'form_id': '12539061969679', 'group_id': '12539062008207', 'id': '17', 'is_public': True, 'organization_id': None, 'priority': 'NORMAL', 'requester_id': '12540959778063', 'status': 'OPEN', 'subject': 'Telegram Support - Roger', 'submitter_id': '12540959778063', 'tags': ['system_email_notification_failure'], 'type': 'QUESTION', 'updated_at': '2025-04-27T11:13:33Z', 'via': {'channel': 'web_service'}}, 'event': {'tags_added': ['system_email_notification_failure'], 'tags_removed': []}, 'id': '97c5b61f-55ca-4497-bb44-068dc168e89e', 'subject': 'zen:ticket:17', 'time': '2025-04-27T11:13:33.144369008Z', 'type': 'zen:event-type:ticket.tags_changed', 'zendesk_event_version': '2022-11-06'}
Received webhook data: {'account_id': 24951610, 'detail': {'actor_id': '-1', 'assignee_id': '12539082960655', 'brand_id': '12539061997583', 'created_at': '2025-04-27T11:13:31Z', 'custom_status': '12539062003087', 'description': 'Xcb', 'external_id': None, 'form_id': '12539061969679', 'group_id': '12539062008207', 'id': '17', 'is_public': True, 'organization_id': None, 'priority': 'NORMAL', 'requester_id': '12540959778063', 'status': 'OPEN', 'subject': 'Telegram Support - Roger', 'submitter_id': '12540959778063', 'tags': ['system_email_notification_failure'], 'type': 'QUESTION', 'updated_at': '2025-04-27T11:13:33Z', 'via': {'channel': 'web_service'}}, 'event': {'tags_added': ['system_email_notification_failure'], 'tags_removed': []}, 'id': '97c5b61f-55ca-4497-bb44-068dc168e89e', 'subject': 'zen:ticket:17', 'time': '2025-04-27T11:13:33.144369008Z', 'type': 'zen:event-type:ticket.tags_changed', 'zendesk_event_version': '2022-11-06'}
Received webhook request
Request data: {'account_id': 24951610, 'detail': {'actor_id': '12539082960655', 'assignee_id': '12539082960655', 'brand_id': '12539061997583', 'created_at': '2025-04-27T11:13:31Z', 'custom_status': '12539062003087', 'description': 'Xcb', 'external_id': None, 'form_id': '12539061969679', 'group_id': '12539062008207', 'id': '17', 'is_public': True, 'organization_id': None, 'priority': 'NORMAL', 'requester_id': '12540959778063', 'status': 'OPEN', 'subject': 'Telegram Support - Roger', 'submitter_id': '12540959778063', 'tags': ['system_email_notification_failure'], 'type': 'QUESTION', 'updated_at': '2025-04-27T11:14:55Z', 'via': {'channel': 'web_service'}}, 'event': {'comment': {'author': {'id': '12539082960655', 'is_staff': True, 'name': 'Levi Chiew'}, 'body': '33333', 'id': '12540983243919', 'is_public': True}}, 'id': '29667f3a-fcb6-4568-92d0-5c4993970c97', 'subject': 'zen:ticket:17', 'time': '2025-04-27T11:14:55.805290155Z', 'type': 'zen:event-type:ticket.comment_added', 'zendesk_event_version': '2022-11-06'}
Received webhook data: {'account_id': 24951610, 'detail': {'actor_id': '12539082960655', 'assignee_id': '12539082960655', 'brand_id': '12539061997583', 'created_at': '2025-04-27T11:13:31Z', 'custom_status': '12539062003087', 'description': 'Xcb', 'external_id': None, 'form_id': '12539061969679', 'group_id': '12539062008207', 'id': '17', 'is_public': True, 'organization_id': None, 'priority': 'NORMAL', 'requester_id': '12540959778063', 'status': 'OPEN', 'subject': 'Telegram Support - Roger', 'submitter_id': '12540959778063', 'tags': ['system_email_notification_failure'], 'type': 'QUESTION', 'updated_at': '2025-04-27T11:14:55Z', 'via': {'channel': 'web_service'}}, 'event': {'comment': {'author': {'id': '12539082960655', 'is_staff': True, 'name': 'Levi Chiew'}, 'body': '33333', 'id': '12540983243919', 'is_public': True}}, 'id': '29667f3a-fcb6-4568-92d0-5c4993970c97', 'subject': 'zen:ticket:17', 'time': '2025-04-27T11:14:55.805290155Z', 'type': 'zen:event-type:ticket.comment_added', 'zendesk_event_version': '2022-11-06'}
Processing comment added event
Processing ticket 17 with comment 12540983243919
Requester ID from ticket: 12540959778063
Found Telegram ID from user external_id: 7812442825
Attempting to send message to Telegram user 7812442825
Successfully sent message to Telegram
Received webhook request
Request data: {'account_id': 24951610, 'detail': {'actor_id': '12539082960655', 'assignee_id': '12539082960655', 'brand_id': '12539061997583', 'created_at': '2025-04-27T11:17:26Z', 'custom_status': '12539062003087', 'description': '测试，我有很多问题吧啦吧啦', 'external_id': None, 'form_id': '12539061969679', 'group_id': '12539062008207', 'id': '18', 'is_public': True, 'organization_id': None, 'priority': 'NORMAL', 'requester_id': '12540959778063', 'status': 'OPEN', 'subject': 'Telegram Support - Roger', 'submitter_id': '12540959778063', 'tags': None, 'type': 'QUESTION', 'updated_at': '2025-04-27T11:17:26Z', 'via': {'channel': 'web_service'}}, 'event': {'current': '12539062003087', 'previous': None}, 'id': 'a2f69341-5bba-44ed-b9c6-71b1d971dfcb', 'subject': 'zen:ticket:18', 'time': '2025-04-27T11:17:26.403791056Z', 'type': 'zen:event-type:ticket.custom_status_changed', 'zendesk_event_version': '2022-11-06'}
Received webhook data: {'account_id': 24951610, 'detail': {'actor_id': '12539082960655', 'assignee_id': '12539082960655', 'brand_id': '12539061997583', 'created_at': '2025-04-27T11:17:26Z', 'custom_status': '12539062003087', 'description': '测试，我有很多问题吧啦吧啦', 'external_id': None, 'form_id': '12539061969679', 'group_id': '12539062008207', 'id': '18', 'is_public': True, 'organization_id': None, 'priority': 'NORMAL', 'requester_id': '12540959778063', 'status': 'OPEN', 'subject': 'Telegram Support - Roger', 'submitter_id': '12540959778063', 'tags': None, 'type': 'QUESTION', 'updated_at': '2025-04-27T11:17:26Z', 'via': {'channel': 'web_service'}}, 'event': {'current': '12539062003087', 'previous': None}, 'id': 'a2f69341-5bba-44ed-b9c6-71b1d971dfcb', 'subject': 'zen:ticket:18', 'time': '2025-04-27T11:17:26.403791056Z', 'type': 'zen:event-type:ticket.custom_status_changed', 'zendesk_event_version': '2022-11-06'}
Received webhook request
Received webhook request
Request data: {'account_id': 24951610, 'detail': {'actor_id': '12539082960655', 'assignee_id': '12539082960655', 'brand_id': '12539061997583', 'created_at': '2025-04-27T11:17:26Z', 'custom_status': '12539062003087', 'description': '测试，我有很多问题吧啦吧啦', 'external_id': None, 'form_id': '12539061969679', 'group_id': '12539062008207', 'id': '18', 'is_public': True, 'organization_id': None, 'priority': 'NORMAL', 'requester_id': '12540959778063', 'status': 'OPEN', 'subject': 'Telegram Support - Roger', 'submitter_id': '12540959778063', 'tags': None, 'type': 'QUESTION', 'updated_at': '2025-04-27T11:17:26Z', 'via': {'channel': 'web_service'}}, 'event': {'current': '12539082960655', 'previous': None}, 'id': '1fe7b6b1-3297-425f-a417-2fd07d4c39d3', 'subject': 'zen:ticket:18', 'time': '2025-04-27T11:17:26.403791056Z', 'type': 'zen:event-type:ticket.agent_assignment_changed', 'zendesk_event_version': '2022-11-06'}
Received webhook request
Received webhook request
Request data: {'account_id': 24951610, 'detail': {'actor_id': '12539082960655', 'assignee_id': '12539082960655', 'brand_id': '12539061997583', 'created_at': '2025-04-27T11:17:26Z', 'custom_status': '12539062003087', 'description': '测试，我有很多问题吧啦吧啦', 'external_id': None, 'form_id': '12539061969679', 'group_id': '12539062008207', 'id': '18', 'is_public': True, 'organization_id': None, 'priority': 'NORMAL', 'requester_id': '12540959778063', 'status': 'OPEN', 'subject': 'Telegram Support - Roger', 'submitter_id': '12540959778063', 'tags': None, 'type': 'QUESTION', 'updated_at': '2025-04-27T11:17:26Z', 'via': {'channel': 'web_service'}}, 'event': {'current': '12539083047311', 'previous': None}, 'id': '88fcf9f0-75dd-45af-b34a-9fcc65d7d9f7', 'subject': 'zen:ticket:18', 'time': '2025-04-27T11:17:26.403791056Z', 'type': 'zen:event-type:ticket.sla_policy_changed', 'zendesk_event_version': '2022-11-06'}
Received webhook request
Received webhook data: {'account_id': 24951610, 'detail': {'actor_id': '12539082960655', 'assignee_id': '12539082960655', 'brand_id': '12539061997583', 'created_at': '2025-04-27T11:17:26Z', 'custom_status': '12539062003087', 'description': '测试，我有很多问题吧啦吧啦', 'external_id': None, 'form_id': '12539061969679', 'group_id': '12539062008207', 'id': '18', 'is_public': True, 'organization_id': None, 'priority': 'NORMAL', 'requester_id': '12540959778063', 'status': 'OPEN', 'subject': 'Telegram Support - Roger', 'submitter_id': '12540959778063', 'tags': None, 'type': 'QUESTION', 'updated_at': '2025-04-27T11:17:26Z', 'via': {'channel': 'web_service'}}, 'event': {'current': '12539082960655', 'previous': None}, 'id': '1fe7b6b1-3297-425f-a417-2fd07d4c39d3', 'subject': 'zen:ticket:18', 'time': '2025-04-27T11:17:26.403791056Z', 'type': 'zen:event-type:ticket.agent_assignment_changed', 'zendesk_event_version': '2022-11-06'}
Received webhook request
Request data: {'account_id': 24951610, 'detail': {'actor_id': '12539082960655', 'assignee_id': '12539082960655', 'brand_id': '12539061997583', 'created_at': '2025-04-27T11:17:26Z', 'custom_status': '12539062003087', 'description': '测试，我有很多问题吧啦吧啦', 'external_id': None, 'form_id': '12539061969679', 'group_id': '12539062008207', 'id': '18', 'is_public': True, 'organization_id': None, 'priority': 'NORMAL', 'requester_id': '12540959778063', 'status': 'OPEN', 'subject': 'Telegram Support - Roger', 'submitter_id': '12540959778063', 'tags': None, 'type': 'QUESTION', 'updated_at': '2025-04-27T11:17:26Z', 'via': {'channel': 'web_service'}}, 'event': {'current': '12539062008207', 'previous': None}, 'id': '675b1147-1bec-451a-8d4d-6da3b089d108', 'subject': 'zen:ticket:18', 'time': '2025-04-27T11:17:26.403791056Z', 'type': 'zen:event-type:ticket.group_assignment_changed', 'zendesk_event_version': '2022-11-06'}
Received webhook request
Received webhook request
Request data: {'account_id': 24951610, 'detail': {'actor_id': '12539082960655', 'assignee_id': '12539082960655', 'brand_id': '12539061997583', 'created_at': '2025-04-27T11:17:26Z', 'custom_status': '12539062003087', 'description': '测试，我有很多问题吧啦吧啦', 'external_id': None, 'form_id': '12539061969679', 'group_id': '12539062008207', 'id': '18', 'is_public': True, 'organization_id': None, 'priority': 'NORMAL', 'requester_id': '12540959778063', 'status': 'OPEN', 'subject': 'Telegram Support - Roger', 'submitter_id': '12540959778063', 'tags': None, 'type': 'QUESTION', 'updated_at': '2025-04-27T11:17:26Z', 'via': {'channel': 'web_service'}}, 'event': {'current': '12539061969679', 'previous': None}, 'id': '5d66a850-2eb1-4176-8528-6faec2a62c4d', 'subject': 'zen:ticket:18', 'time': '2025-04-27T11:17:26.403791056Z', 'type': 'zen:event-type:ticket.form_changed', 'zendesk_event_version': '2022-11-06'}
Received webhook request
Received webhook data: {'account_id': 24951610, 'detail': {'actor_id': '12539082960655', 'assignee_id': '12539082960655', 'brand_id': '12539061997583', 'created_at': '2025-04-27T11:17:26Z', 'custom_status': '12539062003087', 'description': '测试，我有很多问题吧啦吧啦', 'external_id': None, 'form_id': '12539061969679', 'group_id': '12539062008207', 'id': '18', 'is_public': True, 'organization_id': None, 'priority': 'NORMAL', 'requester_id': '12540959778063', 'status': 'OPEN', 'subject': 'Telegram Support - Roger', 'submitter_id': '12540959778063', 'tags': None, 'type': 'QUESTION', 'updated_at': '2025-04-27T11:17:26Z', 'via': {'channel': 'web_service'}}, 'event': {'current': '12539083047311', 'previous': None}, 'id': '88fcf9f0-75dd-45af-b34a-9fcc65d7d9f7', 'subject': 'zen:ticket:18', 'time': '2025-04-27T11:17:26.403791056Z', 'type': 'zen:event-type:ticket.sla_policy_changed', 'zendesk_event_version': '2022-11-06'}
Received webhook request
Received webhook request
Request data: {'account_id': 24951610, 'detail': {'actor_id': '12539082960655', 'assignee_id': '12539082960655', 'brand_id': '12539061997583', 'created_at': '2025-04-27T11:17:26Z', 'custom_status': '12539062003087', 'description': '测试，我有很多问题吧啦吧啦', 'external_id': None, 'form_id': '12539061969679', 'group_id': '12539062008207', 'id': '18', 'is_public': True, 'organization_id': None, 'priority': 'NORMAL', 'requester_id': '12540959778063', 'status': 'OPEN', 'subject': 'Telegram Support - Roger', 'submitter_id': '12540959778063', 'tags': None, 'type': 'QUESTION', 'updated_at': '2025-04-27T11:17:26Z', 'via': {'channel': 'web_service'}}, 'event': {'current': '12540959778063', 'previous': None}, 'id': '635718a1-1383-4053-9942-b12e83db9583', 'subject': 'zen:ticket:18', 'time': '2025-04-27T11:17:26.403791056Z', 'type': 'zen:event-type:ticket.submitter_changed', 'zendesk_event_version': '2022-11-06'}
Received webhook request
Received webhook request
Request data: {'account_id': 24951610, 'detail': {'actor_id': '12539082960655', 'assignee_id': '12539082960655', 'brand_id': '12539061997583', 'created_at': '2025-04-27T11:17:26Z', 'custom_status': '12539062003087', 'description': '测试，我有很多问题吧啦吧啦', 'external_id': None, 'form_id': '12539061969679', 'group_id': '12539062008207', 'id': '18', 'is_public': True, 'organization_id': None, 'priority': 'NORMAL', 'requester_id': '12540959778063', 'status': 'OPEN', 'subject': 'Telegram Support - Roger', 'submitter_id': '12540959778063', 'tags': None, 'type': 'QUESTION', 'updated_at': '2025-04-27T11:17:26Z', 'via': {'channel': 'web_service'}}, 'event': {'current': 'OPEN', 'previous': 'NEW'}, 'id': '788ca8df-ebb0-4eaa-a46a-d44bb4924c9f', 'subject': 'zen:ticket:18', 'time': '2025-04-27T11:17:26.403791056Z', 'type': 'zen:event-type:ticket.status_changed', 'zendesk_event_version': '2022-11-06'}
Received webhook data: {'account_id': 24951610, 'detail': {'actor_id': '12539082960655', 'assignee_id': '12539082960655', 'brand_id': '12539061997583', 'created_at': '2025-04-27T11:17:26Z', 'custom_status': '12539062003087', 'description': '测试，我有很多问题吧啦吧啦', 'external_id': None, 'form_id': '12539061969679', 'group_id': '12539062008207', 'id': '18', 'is_public': True, 'organization_id': None, 'priority': 'NORMAL', 'requester_id': '12540959778063', 'status': 'OPEN', 'subject': 'Telegram Support - Roger', 'submitter_id': '12540959778063', 'tags': None, 'type': 'QUESTION', 'updated_at': '2025-04-27T11:17:26Z', 'via': {'channel': 'web_service'}}, 'event': {'current': '12539062008207', 'previous': None}, 'id': '675b1147-1bec-451a-8d4d-6da3b089d108', 'subject': 'zen:ticket:18', 'time': '2025-04-27T11:17:26.403791056Z', 'type': 'zen:event-type:ticket.group_assignment_changed', 'zendesk_event_version': '2022-11-06'}
Request data: {'account_id': 24951610, 'detail': {'actor_id': '12539082960655', 'assignee_id': '12539082960655', 'brand_id': '12539061997583', 'created_at': '2025-04-27T11:17:26Z', 'custom_status': '12539062003087', 'description': '测试，我有很多问题吧啦吧啦', 'external_id': None, 'form_id': '12539061969679', 'group_id': '12539062008207', 'id': '18', 'is_public': True, 'organization_id': None, 'priority': 'NORMAL', 'requester_id': '12540959778063', 'status': 'OPEN', 'subject': 'Telegram Support - Roger', 'submitter_id': '12540959778063', 'tags': None, 'type': 'QUESTION', 'updated_at': '2025-04-27T11:17:26Z', 'via': {'channel': 'web_service'}}, 'event': {'current': '12539061997583', 'previous': None}, 'id': 'f8ac89e6-2c6f-4b9f-a586-6d1aae7c7121', 'subject': 'zen:ticket:18', 'time': '2025-04-27T11:17:26.403791056Z', 'type': 'zen:event-type:ticket.brand_changed', 'zendesk_event_version': '2022-11-06'}
Request data: {'account_id': 24951610, 'detail': {'actor_id': '12539082960655', 'assignee_id': '12539082960655', 'brand_id': '12539061997583', 'created_at': '2025-04-27T11:17:26Z', 'custom_status': '12539062003087', 'description': '测试，我有很多问题吧啦吧啦', 'external_id': None, 'form_id': '12539061969679', 'group_id': '12539062008207', 'id': '18', 'is_public': True, 'organization_id': None, 'priority': 'NORMAL', 'requester_id': '12540959778063', 'status': 'OPEN', 'subject': 'Telegram Support - Roger', 'submitter_id': '12540959778063', 'tags': None, 'type': 'QUESTION', 'updated_at': '2025-04-27T11:17:26Z', 'via': {'channel': 'web_service'}}, 'event': {'current': '12540959778063', 'previous': None}, 'id': 'f8911fb0-97f0-4825-8a3b-315da73c7c9a', 'subject': 'zen:ticket:18', 'time': '2025-04-27T11:17:26.403791056Z', 'type': 'zen:event-type:ticket.requester_changed', 'zendesk_event_version': '2022-11-06'}
Received webhook data: {'account_id': 24951610, 'detail': {'actor_id': '12539082960655', 'assignee_id': '12539082960655', 'brand_id': '12539061997583', 'created_at': '2025-04-27T11:17:26Z', 'custom_status': '12539062003087', 'description': '测试，我有很多问题吧啦吧啦', 'external_id': None, 'form_id': '12539061969679', 'group_id': '12539062008207', 'id': '18', 'is_public': True, 'organization_id': None, 'priority': 'NORMAL', 'requester_id': '12540959778063', 'status': 'OPEN', 'subject': 'Telegram Support - Roger', 'submitter_id': '12540959778063', 'tags': None, 'type': 'QUESTION', 'updated_at': '2025-04-27T11:17:26Z', 'via': {'channel': 'web_service'}}, 'event': {'current': '12539061969679', 'previous': None}, 'id': '5d66a850-2eb1-4176-8528-6faec2a62c4d', 'subject': 'zen:ticket:18', 'time': '2025-04-27T11:17:26.403791056Z', 'type': 'zen:event-type:ticket.form_changed', 'zendesk_event_version': '2022-11-06'}
Request data: {'account_id': 24951610, 'detail': {'actor_id': '12539082960655', 'assignee_id': '12539082960655', 'brand_id': '12539061997583', 'created_at': '2025-04-27T11:17:26Z', 'custom_status': '12539062003087', 'description': '测试，我有很多问题吧啦吧啦', 'external_id': None, 'form_id': '12539061969679', 'group_id': '12539062008207', 'id': '18', 'is_public': True, 'organization_id': None, 'priority': 'NORMAL', 'requester_id': '12540959778063', 'status': 'OPEN', 'subject': 'Telegram Support - Roger', 'submitter_id': '12540959778063', 'tags': None, 'type': 'QUESTION', 'updated_at': '2025-04-27T11:17:26Z', 'via': {'channel': 'web_service'}}, 'event': {'current': 'NORMAL', 'previous': None}, 'id': 'df316695-9017-481c-83fd-119dd96c9eef', 'subject': 'zen:ticket:18', 'time': '2025-04-27T11:17:26.403791056Z', 'type': 'zen:event-type:ticket.priority_changed', 'zendesk_event_version': '2022-11-06'}
Request data: {'account_id': 24951610, 'detail': {'actor_id': '12539082960655', 'assignee_id': '12539082960655', 'brand_id': '12539061997583', 'created_at': '2025-04-27T11:17:26Z', 'custom_status': '12539062003087', 'description': '测试，我有很多问题吧啦吧啦', 'external_id': None, 'form_id': '12539061969679', 'group_id': '12539062008207', 'id': '18', 'is_public': True, 'organization_id': None, 'priority': 'NORMAL', 'requester_id': '12540959778063', 'status': 'OPEN', 'subject': 'Telegram Support - Roger', 'submitter_id': '12540959778063', 'tags': None, 'type': 'QUESTION', 'updated_at': '2025-04-27T11:17:26Z', 'via': {'channel': 'web_service'}}, 'event': {'current': 'QUESTION', 'previous': None}, 'id': '31c79eab-6267-45c3-8539-d7b1e2e17768', 'subject': 'zen:ticket:18', 'time': '2025-04-27T11:17:26.403791056Z', 'type': 'zen:event-type:ticket.type_changed', 'zendesk_event_version': '2022-11-06'}
Request data: {'account_id': 24951610, 'detail': {'actor_id': '12539082960655', 'assignee_id': '12539082960655', 'brand_id': '12539061997583', 'created_at': '2025-04-27T11:17:26Z', 'custom_status': '12539062003087', 'description': '测试，我有很多问题吧啦吧啦', 'external_id': None, 'form_id': '12539061969679', 'group_id': '12539062008207', 'id': '18', 'is_public': True, 'organization_id': None, 'priority': 'NORMAL', 'requester_id': '12540959778063', 'status': 'OPEN', 'subject': 'Telegram Support - Roger', 'submitter_id': '12540959778063', 'tags': None, 'type': 'QUESTION', 'updated_at': '2025-04-27T11:17:26Z', 'via': {'channel': 'web_service'}}, 'event': {}, 'id': '7e6723d4-4204-4005-971d-52abb8226dab', 'subject': 'zen:ticket:18', 'time': '2025-04-27T11:17:26.403791056Z', 'type': 'zen:event-type:ticket.created', 'zendesk_event_version': '2022-11-06'}
Received webhook data: {'account_id': 24951610, 'detail': {'actor_id': '12539082960655', 'assignee_id': '12539082960655', 'brand_id': '12539061997583', 'created_at': '2025-04-27T11:17:26Z', 'custom_status': '12539062003087', 'description': '测试，我有很多问题吧啦吧啦', 'external_id': None, 'form_id': '12539061969679', 'group_id': '12539062008207', 'id': '18', 'is_public': True, 'organization_id': None, 'priority': 'NORMAL', 'requester_id': '12540959778063', 'status': 'OPEN', 'subject': 'Telegram Support - Roger', 'submitter_id': '12540959778063', 'tags': None, 'type': 'QUESTION', 'updated_at': '2025-04-27T11:17:26Z', 'via': {'channel': 'web_service'}}, 'event': {'current': '12540959778063', 'previous': None}, 'id': '635718a1-1383-4053-9942-b12e83db9583', 'subject': 'zen:ticket:18', 'time': '2025-04-27T11:17:26.403791056Z', 'type': 'zen:event-type:ticket.submitter_changed', 'zendesk_event_version': '2022-11-06'}
Request data: {'account_id': 24951610, 'detail': {'actor_id': '12539082960655', 'assignee_id': '12539082960655', 'brand_id': '12539061997583', 'created_at': '2025-04-27T11:17:26Z', 'custom_status': '12539062003087', 'description': '测试，我有很多问题吧啦吧啦', 'external_id': None, 'form_id': '12539061969679', 'group_id': '12539062008207', 'id': '18', 'is_public': True, 'organization_id': None, 'priority': 'NORMAL', 'requester_id': '12540959778063', 'status': 'OPEN', 'subject': 'Telegram Support - Roger', 'submitter_id': '12540959778063', 'tags': None, 'type': 'QUESTION', 'updated_at': '2025-04-27T11:17:26Z', 'via': {'channel': 'web_service'}}, 'event': {'comment': {'author': {'id': '12540959778063', 'is_staff': False, 'name': 'Roger W'}, 'body': '测试，我有很多问题吧啦吧啦', 'id': '12541011856271', 'is_public': True}}, 'id': 'cfb98d18-ceb2-41ad-bcac-a190129901d4', 'subject': 'zen:ticket:18', 'time': '2025-04-27T11:17:26.403791056Z', 'type': 'zen:event-type:ticket.comment_added', 'zendesk_event_version': '2022-11-06'}
Request data: {'account_id': 24951610, 'detail': {'actor_id': '12539082960655', 'assignee_id': '12539082960655', 'brand_id': '12539061997583', 'created_at': '2025-04-27T11:17:26Z', 'custom_status': '12539062003087', 'description': '测试，我有很多问题吧啦吧啦', 'external_id': None, 'form_id': '12539061969679', 'group_id': '12539062008207', 'id': '18', 'is_public': True, 'organization_id': None, 'priority': 'NORMAL', 'requester_id': '12540959778063', 'status': 'OPEN', 'subject': 'Telegram Support - Roger', 'submitter_id': '12540959778063', 'tags': None, 'type': 'QUESTION', 'updated_at': '2025-04-27T11:17:26Z', 'via': {'channel': 'web_service'}}, 'event': {'current': 'Telegram Support - Roger', 'previous': None}, 'id': '2a03ce0a-37a0-46db-b455-106fc9648a86', 'subject': 'zen:ticket:18', 'time': '2025-04-27T11:17:26.403791056Z', 'type': 'zen:event-type:ticket.subject_changed', 'zendesk_event_version': '2022-11-06'}
Received webhook data: {'account_id': 24951610, 'detail': {'actor_id': '12539082960655', 'assignee_id': '12539082960655', 'brand_id': '12539061997583', 'created_at': '2025-04-27T11:17:26Z', 'custom_status': '12539062003087', 'description': '测试，我有很多问题吧啦吧啦', 'external_id': None, 'form_id': '12539061969679', 'group_id': '12539062008207', 'id': '18', 'is_public': True, 'organization_id': None, 'priority': 'NORMAL', 'requester_id': '12540959778063', 'status': 'OPEN', 'subject': 'Telegram Support - Roger', 'submitter_id': '12540959778063', 'tags': None, 'type': 'QUESTION', 'updated_at': '2025-04-27T11:17:26Z', 'via': {'channel': 'web_service'}}, 'event': {'current': 'OPEN', 'previous': 'NEW'}, 'id': '788ca8df-ebb0-4eaa-a46a-d44bb4924c9f', 'subject': 'zen:ticket:18', 'time': '2025-04-27T11:17:26.403791056Z', 'type': 'zen:event-type:ticket.status_changed', 'zendesk_event_version': '2022-11-06'}
Received webhook request
Received webhook data: {'account_id': 24951610, 'detail': {'actor_id': '12539082960655', 'assignee_id': '12539082960655', 'brand_id': '12539061997583', 'created_at': '2025-04-27T11:17:26Z', 'custom_status': '12539062003087', 'description': '测试，我有很多问题吧啦吧啦', 'external_id': None, 'form_id': '12539061969679', 'group_id': '12539062008207', 'id': '18', 'is_public': True, 'organization_id': None, 'priority': 'NORMAL', 'requester_id': '12540959778063', 'status': 'OPEN', 'subject': 'Telegram Support - Roger', 'submitter_id': '12540959778063', 'tags': None, 'type': 'QUESTION', 'updated_at': '2025-04-27T11:17:26Z', 'via': {'channel': 'web_service'}}, 'event': {'current': '12539061997583', 'previous': None}, 'id': 'f8ac89e6-2c6f-4b9f-a586-6d1aae7c7121', 'subject': 'zen:ticket:18', 'time': '2025-04-27T11:17:26.403791056Z', 'type': 'zen:event-type:ticket.brand_changed', 'zendesk_event_version': '2022-11-06'}
Received webhook data: {'account_id': 24951610, 'detail': {'actor_id': '12539082960655', 'assignee_id': '12539082960655', 'brand_id': '12539061997583', 'created_at': '2025-04-27T11:17:26Z', 'custom_status': '12539062003087', 'description': '测试，我有很多问题吧啦吧啦', 'external_id': None, 'form_id': '12539061969679', 'group_id': '12539062008207', 'id': '18', 'is_public': True, 'organization_id': None, 'priority': 'NORMAL', 'requester_id': '12540959778063', 'status': 'OPEN', 'subject': 'Telegram Support - Roger', 'submitter_id': '12540959778063', 'tags': None, 'type': 'QUESTION', 'updated_at': '2025-04-27T11:17:26Z', 'via': {'channel': 'web_service'}}, 'event': {'current': '12540959778063', 'previous': None}, 'id': 'f8911fb0-97f0-4825-8a3b-315da73c7c9a', 'subject': 'zen:ticket:18', 'time': '2025-04-27T11:17:26.403791056Z', 'type': 'zen:event-type:ticket.requester_changed', 'zendesk_event_version': '2022-11-06'}
Received webhook data: {'account_id': 24951610, 'detail': {'actor_id': '12539082960655', 'assignee_id': '12539082960655', 'brand_id': '12539061997583', 'created_at': '2025-04-27T11:17:26Z', 'custom_status': '12539062003087', 'description': '测试，我有很多问题吧啦吧啦', 'external_id': None, 'form_id': '12539061969679', 'group_id': '12539062008207', 'id': '18', 'is_public': True, 'organization_id': None, 'priority': 'NORMAL', 'requester_id': '12540959778063', 'status': 'OPEN', 'subject': 'Telegram Support - Roger', 'submitter_id': '12540959778063', 'tags': None, 'type': 'QUESTION', 'updated_at': '2025-04-27T11:17:26Z', 'via': {'channel': 'web_service'}}, 'event': {'current': 'NORMAL', 'previous': None}, 'id': 'df316695-9017-481c-83fd-119dd96c9eef', 'subject': 'zen:ticket:18', 'time': '2025-04-27T11:17:26.403791056Z', 'type': 'zen:event-type:ticket.priority_changed', 'zendesk_event_version': '2022-11-06'}
Received webhook data: {'account_id': 24951610, 'detail': {'actor_id': '12539082960655', 'assignee_id': '12539082960655', 'brand_id': '12539061997583', 'created_at': '2025-04-27T11:17:26Z', 'custom_status': '12539062003087', 'description': '测试，我有很多问题吧啦吧啦', 'external_id': None, 'form_id': '12539061969679', 'group_id': '12539062008207', 'id': '18', 'is_public': True, 'organization_id': None, 'priority': 'NORMAL', 'requester_id': '12540959778063', 'status': 'OPEN', 'subject': 'Telegram Support - Roger', 'submitter_id': '12540959778063', 'tags': None, 'type': 'QUESTION', 'updated_at': '2025-04-27T11:17:26Z', 'via': {'channel': 'web_service'}}, 'event': {'current': 'QUESTION', 'previous': None}, 'id': '31c79eab-6267-45c3-8539-d7b1e2e17768', 'subject': 'zen:ticket:18', 'time': '2025-04-27T11:17:26.403791056Z', 'type': 'zen:event-type:ticket.type_changed', 'zendesk_event_version': '2022-11-06'}
Received webhook data: {'account_id': 24951610, 'detail': {'actor_id': '12539082960655', 'assignee_id': '12539082960655', 'brand_id': '12539061997583', 'created_at': '2025-04-27T11:17:26Z', 'custom_status': '12539062003087', 'description': '测试，我有很多问题吧啦吧啦', 'external_id': None, 'form_id': '12539061969679', 'group_id': '12539062008207', 'id': '18', 'is_public': True, 'organization_id': None, 'priority': 'NORMAL', 'requester_id': '12540959778063', 'status': 'OPEN', 'subject': 'Telegram Support - Roger', 'submitter_id': '12540959778063', 'tags': None, 'type': 'QUESTION', 'updated_at': '2025-04-27T11:17:26Z', 'via': {'channel': 'web_service'}}, 'event': {}, 'id': '7e6723d4-4204-4005-971d-52abb8226dab', 'subject': 'zen:ticket:18', 'time': '2025-04-27T11:17:26.403791056Z', 'type': 'zen:event-type:ticket.created', 'zendesk_event_version': '2022-11-06'}
Received webhook data: {'account_id': 24951610, 'detail': {'actor_id': '12539082960655', 'assignee_id': '12539082960655', 'brand_id': '12539061997583', 'created_at': '2025-04-27T11:17:26Z', 'custom_status': '12539062003087', 'description': '测试，我有很多问题吧啦吧啦', 'external_id': None, 'form_id': '12539061969679', 'group_id': '12539062008207', 'id': '18', 'is_public': True, 'organization_id': None, 'priority': 'NORMAL', 'requester_id': '12540959778063', 'status': 'OPEN', 'subject': 'Telegram Support - Roger', 'submitter_id': '12540959778063', 'tags': None, 'type': 'QUESTION', 'updated_at': '2025-04-27T11:17:26Z', 'via': {'channel': 'web_service'}}, 'event': {'comment': {'author': {'id': '12540959778063', 'is_staff': False, 'name': 'Roger W'}, 'body': '测试，我有很多问题吧啦吧啦', 'id': '12541011856271', 'is_public': True}}, 'id': 'cfb98d18-ceb2-41ad-bcac-a190129901d4', 'subject': 'zen:ticket:18', 'time': '2025-04-27T11:17:26.403791056Z', 'type': 'zen:event-type:ticket.comment_added', 'zendesk_event_version': '2022-11-06'}
Received webhook data: {'account_id': 24951610, 'detail': {'actor_id': '12539082960655', 'assignee_id': '12539082960655', 'brand_id': '12539061997583', 'created_at': '2025-04-27T11:17:26Z', 'custom_status': '12539062003087', 'description': '测试，我有很多问题吧啦吧啦', 'external_id': None, 'form_id': '12539061969679', 'group_id': '12539062008207', 'id': '18', 'is_public': True, 'organization_id': None, 'priority': 'NORMAL', 'requester_id': '12540959778063', 'status': 'OPEN', 'subject': 'Telegram Support - Roger', 'submitter_id': '12540959778063', 'tags': None, 'type': 'QUESTION', 'updated_at': '2025-04-27T11:17:26Z', 'via': {'channel': 'web_service'}}, 'event': {'current': 'Telegram Support - Roger', 'previous': None}, 'id': '2a03ce0a-37a0-46db-b455-106fc9648a86', 'subject': 'zen:ticket:18', 'time': '2025-04-27T11:17:26.403791056Z', 'type': 'zen:event-type:ticket.subject_changed', 'zendesk_event_version': '2022-11-06'}
Request data: {'account_id': 24951610, 'detail': {'actor_id': '12539082960655', 'assignee_id': '12539082960655', 'brand_id': '12539061997583', 'created_at': '2025-04-27T11:17:26Z', 'custom_status': '12539062003087', 'description': '测试，我有很多问题吧啦吧啦', 'external_id': None, 'form_id': '12539061969679', 'group_id': '12539062008207', 'id': '18', 'is_public': True, 'organization_id': None, 'priority': 'NORMAL', 'requester_id': '12540959778063', 'status': 'OPEN', 'subject': 'Telegram Support - Roger', 'submitter_id': '12540959778063', 'tags': None, 'type': 'QUESTION', 'updated_at': '2025-04-27T11:17:26Z', 'via': {'channel': 'web_service'}}, 'event': {'current': '测试，我有很多问题吧啦吧啦', 'previous': None}, 'id': '47ecaefd-c088-4265-9d25-233e46ef01a4', 'subject': 'zen:ticket:18', 'time': '2025-04-27T11:17:26.403791056Z', 'type': 'zen:event-type:ticket.description_changed', 'zendesk_event_version': '2022-11-06'}
Processing comment added event
Received webhook data: {'account_id': 24951610, 'detail': {'actor_id': '12539082960655', 'assignee_id': '12539082960655', 'brand_id': '12539061997583', 'created_at': '2025-04-27T11:17:26Z', 'custom_status': '12539062003087', 'description': '测试，我有很多问题吧啦吧啦', 'external_id': None, 'form_id': '12539061969679', 'group_id': '12539062008207', 'id': '18', 'is_public': True, 'organization_id': None, 'priority': 'NORMAL', 'requester_id': '12540959778063', 'status': 'OPEN', 'subject': 'Telegram Support - Roger', 'submitter_id': '12540959778063', 'tags': None, 'type': 'QUESTION', 'updated_at': '2025-04-27T11:17:26Z', 'via': {'channel': 'web_service'}}, 'event': {'current': '测试，我有很多问题吧啦吧啦', 'previous': None}, 'id': '47ecaefd-c088-4265-9d25-233e46ef01a4', 'subject': 'zen:ticket:18', 'time': '2025-04-27T11:17:26.403791056Z', 'type': 'zen:event-type:ticket.description_changed', 'zendesk_event_version': '2022-11-06'}
Processing ticket 18 with comment 12541011856271
Requester ID from ticket: 12540959778063
Found Telegram ID from user external_id: 7812442825
Skipping comment from requester
Received webhook request
Request data: {'account_id': 24951610, 'detail': {'actor_id': '-1', 'assignee_id': '12539082960655', 'brand_id': '12539061997583', 'created_at': '2025-04-27T11:17:26Z', 'custom_status': '12539062003087', 'description': '测试，我有很多问题吧啦吧啦', 'external_id': None, 'form_id': '12539061969679', 'group_id': '12539062008207', 'id': '18', 'is_public': True, 'organization_id': None, 'priority': 'NORMAL', 'requester_id': '12540959778063', 'status': 'OPEN', 'subject': 'Telegram Support - Roger', 'submitter_id': '12540959778063', 'tags': ['system_email_notification_failure'], 'type': 'QUESTION', 'updated_at': '2025-04-27T11:17:28Z', 'via': {'channel': 'web_service'}}, 'event': {'tags_added': ['system_email_notification_failure'], 'tags_removed': []}, 'id': '8f247eb4-68ec-48f1-ae57-5d90008bed63', 'subject': 'zen:ticket:18', 'time': '2025-04-27T11:17:28.506249090Z', 'type': 'zen:event-type:ticket.tags_changed', 'zendesk_event_version': '2022-11-06'}
Received webhook data: {'account_id': 24951610, 'detail': {'actor_id': '-1', 'assignee_id': '12539082960655', 'brand_id': '12539061997583', 'created_at': '2025-04-27T11:17:26Z', 'custom_status': '12539062003087', 'description': '测试，我有很多问题吧啦吧啦', 'external_id': None, 'form_id': '12539061969679', 'group_id': '12539062008207', 'id': '18', 'is_public': True, 'organization_id': None, 'priority': 'NORMAL', 'requester_id': '12540959778063', 'status': 'OPEN', 'subject': 'Telegram Support - Roger', 'submitter_id': '12540959778063', 'tags': ['system_email_notification_failure'], 'type': 'QUESTION', 'updated_at': '2025-04-27T11:17:28Z', 'via': {'channel': 'web_service'}}, 'event': {'tags_added': ['system_email_notification_failure'], 'tags_removed': []}, 'id': '8f247eb4-68ec-48f1-ae57-5d90008bed63', 'subject': 'zen:ticket:18', 'time': '2025-04-27T11:17:28.506249090Z', 'type': 'zen:event-type:ticket.tags_changed', 'zendesk_event_version': '2022-11-06'}
Received webhook request
Request data: {'account_id': 24951610, 'detail': {'actor_id': '12539082960655', 'assignee_id': '12539082960655', 'brand_id': '12539061997583', 'created_at': '2025-04-27T11:21:19Z', 'custom_status': '12539062003087', 'description': '111', 'external_id': None, 'form_id': '12539061969679', 'group_id': '12539062008207', 'id': '19', 'is_public': True, 'organization_id': None, 'priority': 'NORMAL', 'requester_id': '12540959778063', 'status': 'OPEN', 'subject': 'Telegram Support - Roger', 'submitter_id': '12540959778063', 'tags': ['telegram_support', 'telegram_user_7812442825'], 'type': 'QUESTION', 'updated_at': '2025-04-27T11:21:19Z', 'via': {'channel': 'web_service'}}, 'event': {'current': '12539061969679', 'previous': None}, 'id': '0aeb570b-851c-43d7-8056-33a671471922', 'subject': 'zen:ticket:19', 'time': '2025-04-27T11:21:19.630090242Z', 'type': 'zen:event-type:ticket.form_changed', 'zendesk_event_version': '2022-11-06'}
Received webhook data: {'account_id': 24951610, 'detail': {'actor_id': '12539082960655', 'assignee_id': '12539082960655', 'brand_id': '12539061997583', 'created_at': '2025-04-27T11:21:19Z', 'custom_status': '12539062003087', 'description': '111', 'external_id': None, 'form_id': '12539061969679', 'group_id': '12539062008207', 'id': '19', 'is_public': True, 'organization_id': None, 'priority': 'NORMAL', 'requester_id': '12540959778063', 'status': 'OPEN', 'subject': 'Telegram Support - Roger', 'submitter_id': '12540959778063', 'tags': ['telegram_support', 'telegram_user_7812442825'], 'type': 'QUESTION', 'updated_at': '2025-04-27T11:21:19Z', 'via': {'channel': 'web_service'}}, 'event': {'current': '12539061969679', 'previous': None}, 'id': '0aeb570b-851c-43d7-8056-33a671471922', 'subject': 'zen:ticket:19', 'time': '2025-04-27T11:21:19.630090242Z', 'type': 'zen:event-type:ticket.form_changed', 'zendesk_event_version': '2022-11-06'}
Received webhook request
Received webhook request
Request data: {'account_id': 24951610, 'detail': {'actor_id': '12539082960655', 'assignee_id': '12539082960655', 'brand_id': '12539061997583', 'created_at': '2025-04-27T11:21:19Z', 'custom_status': '12539062003087', 'description': '111', 'external_id': None, 'form_id': '12539061969679', 'group_id': '12539062008207', 'id': '19', 'is_public': True, 'organization_id': None, 'priority': 'NORMAL', 'requester_id': '12540959778063', 'status': 'OPEN', 'subject': 'Telegram Support - Roger', 'submitter_id': '12540959778063', 'tags': ['telegram_support', 'telegram_user_7812442825'], 'type': 'QUESTION', 'updated_at': '2025-04-27T11:21:19Z', 'via': {'channel': 'web_service'}}, 'event': {'current': 'Telegram Support - Roger', 'previous': None}, 'id': '2cf6f7c5-17ac-4434-b458-9c41623f1eee', 'subject': 'zen:ticket:19', 'time': '2025-04-27T11:21:19.630090242Z', 'type': 'zen:event-type:ticket.subject_changed', 'zendesk_event_version': '2022-11-06'}
Received webhook request
Request data: {'account_id': 24951610, 'detail': {'actor_id': '12539082960655', 'assignee_id': '12539082960655', 'brand_id': '12539061997583', 'created_at': '2025-04-27T11:21:19Z', 'custom_status': '12539062003087', 'description': '111', 'external_id': None, 'form_id': '12539061969679', 'group_id': '12539062008207', 'id': '19', 'is_public': True, 'organization_id': None, 'priority': 'NORMAL', 'requester_id': '12540959778063', 'status': 'OPEN', 'subject': 'Telegram Support - Roger', 'submitter_id': '12540959778063', 'tags': ['telegram_support', 'telegram_user_7812442825'], 'type': 'QUESTION', 'updated_at': '2025-04-27T11:21:19Z', 'via': {'channel': 'web_service'}}, 'event': {'current': 'QUESTION', 'previous': None}, 'id': 'e8b291c6-84d3-45f9-a4f0-9ffb1b95f779', 'subject': 'zen:ticket:19', 'time': '2025-04-27T11:21:19.630090242Z', 'type': 'zen:event-type:ticket.type_changed', 'zendesk_event_version': '2022-11-06'}
Received webhook data: {'account_id': 24951610, 'detail': {'actor_id': '12539082960655', 'assignee_id': '12539082960655', 'brand_id': '12539061997583', 'created_at': '2025-04-27T11:21:19Z', 'custom_status': '12539062003087', 'description': '111', 'external_id': None, 'form_id': '12539061969679', 'group_id': '12539062008207', 'id': '19', 'is_public': True, 'organization_id': None, 'priority': 'NORMAL', 'requester_id': '12540959778063', 'status': 'OPEN', 'subject': 'Telegram Support - Roger', 'submitter_id': '12540959778063', 'tags': ['telegram_support', 'telegram_user_7812442825'], 'type': 'QUESTION', 'updated_at': '2025-04-27T11:21:19Z', 'via': {'channel': 'web_service'}}, 'event': {'current': 'Telegram Support - Roger', 'previous': None}, 'id': '2cf6f7c5-17ac-4434-b458-9c41623f1eee', 'subject': 'zen:ticket:19', 'time': '2025-04-27T11:21:19.630090242Z', 'type': 'zen:event-type:ticket.subject_changed', 'zendesk_event_version': '2022-11-06'}
Received webhook request
Request data: {'account_id': 24951610, 'detail': {'actor_id': '12539082960655', 'assignee_id': '12539082960655', 'brand_id': '12539061997583', 'created_at': '2025-04-27T11:21:19Z', 'custom_status': '12539062003087', 'description': '111', 'external_id': None, 'form_id': '12539061969679', 'group_id': '12539062008207', 'id': '19', 'is_public': True, 'organization_id': None, 'priority': 'NORMAL', 'requester_id': '12540959778063', 'status': 'OPEN', 'subject': 'Telegram Support - Roger', 'submitter_id': '12540959778063', 'tags': ['telegram_support', 'telegram_user_7812442825'], 'type': 'QUESTION', 'updated_at': '2025-04-27T11:21:19Z', 'via': {'channel': 'web_service'}}, 'event': {'current': '12539062003087', 'previous': None}, 'id': 'e4b0d7e9-23f8-410d-8c3a-f8208c0f3d76', 'subject': 'zen:ticket:19', 'time': '2025-04-27T11:21:19.630090242Z', 'type': 'zen:event-type:ticket.custom_status_changed', 'zendesk_event_version': '2022-11-06'}
Received webhook request
Received webhook request
Received webhook data: {'account_id': 24951610, 'detail': {'actor_id': '12539082960655', 'assignee_id': '12539082960655', 'brand_id': '12539061997583', 'created_at': '2025-04-27T11:21:19Z', 'custom_status': '12539062003087', 'description': '111', 'external_id': None, 'form_id': '12539061969679', 'group_id': '12539062008207', 'id': '19', 'is_public': True, 'organization_id': None, 'priority': 'NORMAL', 'requester_id': '12540959778063', 'status': 'OPEN', 'subject': 'Telegram Support - Roger', 'submitter_id': '12540959778063', 'tags': ['telegram_support', 'telegram_user_7812442825'], 'type': 'QUESTION', 'updated_at': '2025-04-27T11:21:19Z', 'via': {'channel': 'web_service'}}, 'event': {'current': 'QUESTION', 'previous': None}, 'id': 'e8b291c6-84d3-45f9-a4f0-9ffb1b95f779', 'subject': 'zen:ticket:19', 'time': '2025-04-27T11:21:19.630090242Z', 'type': 'zen:event-type:ticket.type_changed', 'zendesk_event_version': '2022-11-06'}
Request data: {'account_id': 24951610, 'detail': {'actor_id': '12539082960655', 'assignee_id': '12539082960655', 'brand_id': '12539061997583', 'created_at': '2025-04-27T11:21:19Z', 'custom_status': '12539062003087', 'description': '111', 'external_id': None, 'form_id': '12539061969679', 'group_id': '12539062008207', 'id': '19', 'is_public': True, 'organization_id': None, 'priority': 'NORMAL', 'requester_id': '12540959778063', 'status': 'OPEN', 'subject': 'Telegram Support - Roger', 'submitter_id': '12540959778063', 'tags': ['telegram_support', 'telegram_user_7812442825'], 'type': 'QUESTION', 'updated_at': '2025-04-27T11:21:19Z', 'via': {'channel': 'web_service'}}, 'event': {'current': '12539061997583', 'previous': None}, 'id': '8907ddc3-cd48-4802-8c83-400fc14cd7d3', 'subject': 'zen:ticket:19', 'time': '2025-04-27T11:21:19.630090242Z', 'type': 'zen:event-type:ticket.brand_changed', 'zendesk_event_version': '2022-11-06'}
Received webhook data: {'account_id': 24951610, 'detail': {'actor_id': '12539082960655', 'assignee_id': '12539082960655', 'brand_id': '12539061997583', 'created_at': '2025-04-27T11:21:19Z', 'custom_status': '12539062003087', 'description': '111', 'external_id': None, 'form_id': '12539061969679', 'group_id': '12539062008207', 'id': '19', 'is_public': True, 'organization_id': None, 'priority': 'NORMAL', 'requester_id': '12540959778063', 'status': 'OPEN', 'subject': 'Telegram Support - Roger', 'submitter_id': '12540959778063', 'tags': ['telegram_support', 'telegram_user_7812442825'], 'type': 'QUESTION', 'updated_at': '2025-04-27T11:21:19Z', 'via': {'channel': 'web_service'}}, 'event': {'current': '12539062003087', 'previous': None}, 'id': 'e4b0d7e9-23f8-410d-8c3a-f8208c0f3d76', 'subject': 'zen:ticket:19', 'time': '2025-04-27T11:21:19.630090242Z', 'type': 'zen:event-type:ticket.custom_status_changed', 'zendesk_event_version': '2022-11-06'}
Request data: {'account_id': 24951610, 'detail': {'actor_id': '12539082960655', 'assignee_id': '12539082960655', 'brand_id': '12539061997583', 'created_at': '2025-04-27T11:21:19Z', 'custom_status': '12539062003087', 'description': '111', 'external_id': None, 'form_id': '12539061969679', 'group_id': '12539062008207', 'id': '19', 'is_public': True, 'organization_id': None, 'priority': 'NORMAL', 'requester_id': '12540959778063', 'status': 'OPEN', 'subject': 'Telegram Support - Roger', 'submitter_id': '12540959778063', 'tags': ['telegram_support', 'telegram_user_7812442825'], 'type': 'QUESTION', 'updated_at': '2025-04-27T11:21:19Z', 'via': {'channel': 'web_service'}}, 'event': {'current': '12539082960655', 'previous': None}, 'id': 'ccf3d1da-2f8f-4b6b-b1cb-fe04787a6ef1', 'subject': 'zen:ticket:19', 'time': '2025-04-27T11:21:19.630090242Z', 'type': 'zen:event-type:ticket.agent_assignment_changed', 'zendesk_event_version': '2022-11-06'}
Request data: {'account_id': 24951610, 'detail': {'actor_id': '12539082960655', 'assignee_id': '12539082960655', 'brand_id': '12539061997583', 'created_at': '2025-04-27T11:21:19Z', 'custom_status': '12539062003087', 'description': '111', 'external_id': None, 'form_id': '12539061969679', 'group_id': '12539062008207', 'id': '19', 'is_public': True, 'organization_id': None, 'priority': 'NORMAL', 'requester_id': '12540959778063', 'status': 'OPEN', 'subject': 'Telegram Support - Roger', 'submitter_id': '12540959778063', 'tags': ['telegram_support', 'telegram_user_7812442825'], 'type': 'QUESTION', 'updated_at': '2025-04-27T11:21:19Z', 'via': {'channel': 'web_service'}}, 'event': {'current': '12540959778063', 'previous': None}, 'id': '414f62fc-cd08-42ab-acaf-c113dadb5910', 'subject': 'zen:ticket:19', 'time': '2025-04-27T11:21:19.630090242Z', 'type': 'zen:event-type:ticket.requester_changed', 'zendesk_event_version': '2022-11-06'}
Received webhook data: {'account_id': 24951610, 'detail': {'actor_id': '12539082960655', 'assignee_id': '12539082960655', 'brand_id': '12539061997583', 'created_at': '2025-04-27T11:21:19Z', 'custom_status': '12539062003087', 'description': '111', 'external_id': None, 'form_id': '12539061969679', 'group_id': '12539062008207', 'id': '19', 'is_public': True, 'organization_id': None, 'priority': 'NORMAL', 'requester_id': '12540959778063', 'status': 'OPEN', 'subject': 'Telegram Support - Roger', 'submitter_id': '12540959778063', 'tags': ['telegram_support', 'telegram_user_7812442825'], 'type': 'QUESTION', 'updated_at': '2025-04-27T11:21:19Z', 'via': {'channel': 'web_service'}}, 'event': {'current': '12539061997583', 'previous': None}, 'id': '8907ddc3-cd48-4802-8c83-400fc14cd7d3', 'subject': 'zen:ticket:19', 'time': '2025-04-27T11:21:19.630090242Z', 'type': 'zen:event-type:ticket.brand_changed', 'zendesk_event_version': '2022-11-06'}
Received webhook data: {'account_id': 24951610, 'detail': {'actor_id': '12539082960655', 'assignee_id': '12539082960655', 'brand_id': '12539061997583', 'created_at': '2025-04-27T11:21:19Z', 'custom_status': '12539062003087', 'description': '111', 'external_id': None, 'form_id': '12539061969679', 'group_id': '12539062008207', 'id': '19', 'is_public': True, 'organization_id': None, 'priority': 'NORMAL', 'requester_id': '12540959778063', 'status': 'OPEN', 'subject': 'Telegram Support - Roger', 'submitter_id': '12540959778063', 'tags': ['telegram_support', 'telegram_user_7812442825'], 'type': 'QUESTION', 'updated_at': '2025-04-27T11:21:19Z', 'via': {'channel': 'web_service'}}, 'event': {'current': '12539082960655', 'previous': None}, 'id': 'ccf3d1da-2f8f-4b6b-b1cb-fe04787a6ef1', 'subject': 'zen:ticket:19', 'time': '2025-04-27T11:21:19.630090242Z', 'type': 'zen:event-type:ticket.agent_assignment_changed', 'zendesk_event_version': '2022-11-06'}
Received webhook data: {'account_id': 24951610, 'detail': {'actor_id': '12539082960655', 'assignee_id': '12539082960655', 'brand_id': '12539061997583', 'created_at': '2025-04-27T11:21:19Z', 'custom_status': '12539062003087', 'description': '111', 'external_id': None, 'form_id': '12539061969679', 'group_id': '12539062008207', 'id': '19', 'is_public': True, 'organization_id': None, 'priority': 'NORMAL', 'requester_id': '12540959778063', 'status': 'OPEN', 'subject': 'Telegram Support - Roger', 'submitter_id': '12540959778063', 'tags': ['telegram_support', 'telegram_user_7812442825'], 'type': 'QUESTION', 'updated_at': '2025-04-27T11:21:19Z', 'via': {'channel': 'web_service'}}, 'event': {'current': '12540959778063', 'previous': None}, 'id': '414f62fc-cd08-42ab-acaf-c113dadb5910', 'subject': 'zen:ticket:19', 'time': '2025-04-27T11:21:19.630090242Z', 'type': 'zen:event-type:ticket.requester_changed', 'zendesk_event_version': '2022-11-06'}
Received webhook request
Received webhook request
Received webhook request
Received webhook request
Received webhook request
Received webhook request
Request data: {'account_id': 24951610, 'detail': {'actor_id': '12539082960655', 'assignee_id': '12539082960655', 'brand_id': '12539061997583', 'created_at': '2025-04-27T11:21:19Z', 'custom_status': '12539062003087', 'description': '111', 'external_id': None, 'form_id': '12539061969679', 'group_id': '12539062008207', 'id': '19', 'is_public': True, 'organization_id': None, 'priority': 'NORMAL', 'requester_id': '12540959778063', 'status': 'OPEN', 'subject': 'Telegram Support - Roger', 'submitter_id': '12540959778063', 'tags': ['telegram_support', 'telegram_user_7812442825'], 'type': 'QUESTION', 'updated_at': '2025-04-27T11:21:19Z', 'via': {'channel': 'web_service'}}, 'event': {'tags_added': ['telegram_support', 'telegram_user_7812442825'], 'tags_removed': []}, 'id': 'fae02c61-fcf5-45c6-ae02-581a31a588ac', 'subject': 'zen:ticket:19', 'time': '2025-04-27T11:21:19.630090242Z', 'type': 'zen:event-type:ticket.tags_changed', 'zendesk_event_version': '2022-11-06'}
Request data: {'account_id': 24951610, 'detail': {'actor_id': '12539082960655', 'assignee_id': '12539082960655', 'brand_id': '12539061997583', 'created_at': '2025-04-27T11:21:19Z', 'custom_status': '12539062003087', 'description': '111', 'external_id': None, 'form_id': '12539061969679', 'group_id': '12539062008207', 'id': '19', 'is_public': True, 'organization_id': None, 'priority': 'NORMAL', 'requester_id': '12540959778063', 'status': 'OPEN', 'subject': 'Telegram Support - Roger', 'submitter_id': '12540959778063', 'tags': ['telegram_support', 'telegram_user_7812442825'], 'type': 'QUESTION', 'updated_at': '2025-04-27T11:21:19Z', 'via': {'channel': 'web_service'}}, 'event': {'current': '12539083047311', 'previous': None}, 'id': '73e45141-9f49-4a45-90eb-55886d826c54', 'subject': 'zen:ticket:19', 'time': '2025-04-27T11:21:19.630090242Z', 'type': 'zen:event-type:ticket.sla_policy_changed', 'zendesk_event_version': '2022-11-06'}
Request data: {'account_id': 24951610, 'detail': {'actor_id': '12539082960655', 'assignee_id': '12539082960655', 'brand_id': '12539061997583', 'created_at': '2025-04-27T11:21:19Z', 'custom_status': '12539062003087', 'description': '111', 'external_id': None, 'form_id': '12539061969679', 'group_id': '12539062008207', 'id': '19', 'is_public': True, 'organization_id': None, 'priority': 'NORMAL', 'requester_id': '12540959778063', 'status': 'OPEN', 'subject': 'Telegram Support - Roger', 'submitter_id': '12540959778063', 'tags': ['telegram_support', 'telegram_user_7812442825'], 'type': 'QUESTION', 'updated_at': '2025-04-27T11:21:19Z', 'via': {'channel': 'web_service'}}, 'event': {'comment': {'author': {'id': '12540959778063', 'is_staff': False, 'name': 'Roger W'}, 'body': '111', 'id': '12541013829391', 'is_public': True}}, 'id': '9c627fb2-11ef-4581-8293-0934ccccb34c', 'subject': 'zen:ticket:19', 'time': '2025-04-27T11:21:19.630090242Z', 'type': 'zen:event-type:ticket.comment_added', 'zendesk_event_version': '2022-11-06'}
Request data: {'account_id': 24951610, 'detail': {'actor_id': '12539082960655', 'assignee_id': '12539082960655', 'brand_id': '12539061997583', 'created_at': '2025-04-27T11:21:19Z', 'custom_status': '12539062003087', 'description': '111', 'external_id': None, 'form_id': '12539061969679', 'group_id': '12539062008207', 'id': '19', 'is_public': True, 'organization_id': None, 'priority': 'NORMAL', 'requester_id': '12540959778063', 'status': 'OPEN', 'subject': 'Telegram Support - Roger', 'submitter_id': '12540959778063', 'tags': ['telegram_support', 'telegram_user_7812442825'], 'type': 'QUESTION', 'updated_at': '2025-04-27T11:21:19Z', 'via': {'channel': 'web_service'}}, 'event': {'current': 'NORMAL', 'previous': None}, 'id': '4082de21-ff1b-491c-b6f2-7ed43b8a4fe9', 'subject': 'zen:ticket:19', 'time': '2025-04-27T11:21:19.630090242Z', 'type': 'zen:event-type:ticket.priority_changed', 'zendesk_event_version': '2022-11-06'}
Request data: {'account_id': 24951610, 'detail': {'actor_id': '12539082960655', 'assignee_id': '12539082960655', 'brand_id': '12539061997583', 'created_at': '2025-04-27T11:21:19Z', 'custom_status': '12539062003087', 'description': '111', 'external_id': None, 'form_id': '12539061969679', 'group_id': '12539062008207', 'id': '19', 'is_public': True, 'organization_id': None, 'priority': 'NORMAL', 'requester_id': '12540959778063', 'status': 'OPEN', 'subject': 'Telegram Support - Roger', 'submitter_id': '12540959778063', 'tags': ['telegram_support', 'telegram_user_7812442825'], 'type': 'QUESTION', 'updated_at': '2025-04-27T11:21:19Z', 'via': {'channel': 'web_service'}}, 'event': {'current': '12540959778063', 'previous': None}, 'id': '9da4e0f0-2d9f-4c20-843f-2de58f2df29c', 'subject': 'zen:ticket:19', 'time': '2025-04-27T11:21:19.630090242Z', 'type': 'zen:event-type:ticket.submitter_changed', 'zendesk_event_version': '2022-11-06'}
Request data: {'account_id': 24951610, 'detail': {'actor_id': '12539082960655', 'assignee_id': '12539082960655', 'brand_id': '12539061997583', 'created_at': '2025-04-27T11:21:19Z', 'custom_status': '12539062003087', 'description': '111', 'external_id': None, 'form_id': '12539061969679', 'group_id': '12539062008207', 'id': '19', 'is_public': True, 'organization_id': None, 'priority': 'NORMAL', 'requester_id': '12540959778063', 'status': 'OPEN', 'subject': 'Telegram Support - Roger', 'submitter_id': '12540959778063', 'tags': ['telegram_support', 'telegram_user_7812442825'], 'type': 'QUESTION', 'updated_at': '2025-04-27T11:21:19Z', 'via': {'channel': 'web_service'}}, 'event': {'current': '12539062008207', 'previous': None}, 'id': 'fa057ced-6ccc-4eec-b32f-c6d8d96f7a4e', 'subject': 'zen:ticket:19', 'time': '2025-04-27T11:21:19.630090242Z', 'type': 'zen:event-type:ticket.group_assignment_changed', 'zendesk_event_version': '2022-11-06'}
Received webhook data: {'account_id': 24951610, 'detail': {'actor_id': '12539082960655', 'assignee_id': '12539082960655', 'brand_id': '12539061997583', 'created_at': '2025-04-27T11:21:19Z', 'custom_status': '12539062003087', 'description': '111', 'external_id': None, 'form_id': '12539061969679', 'group_id': '12539062008207', 'id': '19', 'is_public': True, 'organization_id': None, 'priority': 'NORMAL', 'requester_id': '12540959778063', 'status': 'OPEN', 'subject': 'Telegram Support - Roger', 'submitter_id': '12540959778063', 'tags': ['telegram_support', 'telegram_user_7812442825'], 'type': 'QUESTION', 'updated_at': '2025-04-27T11:21:19Z', 'via': {'channel': 'web_service'}}, 'event': {'tags_added': ['telegram_support', 'telegram_user_7812442825'], 'tags_removed': []}, 'id': 'fae02c61-fcf5-45c6-ae02-581a31a588ac', 'subject': 'zen:ticket:19', 'time': '2025-04-27T11:21:19.630090242Z', 'type': 'zen:event-type:ticket.tags_changed', 'zendesk_event_version': '2022-11-06'}
Received webhook data: {'account_id': 24951610, 'detail': {'actor_id': '12539082960655', 'assignee_id': '12539082960655', 'brand_id': '12539061997583', 'created_at': '2025-04-27T11:21:19Z', 'custom_status': '12539062003087', 'description': '111', 'external_id': None, 'form_id': '12539061969679', 'group_id': '12539062008207', 'id': '19', 'is_public': True, 'organization_id': None, 'priority': 'NORMAL', 'requester_id': '12540959778063', 'status': 'OPEN', 'subject': 'Telegram Support - Roger', 'submitter_id': '12540959778063', 'tags': ['telegram_support', 'telegram_user_7812442825'], 'type': 'QUESTION', 'updated_at': '2025-04-27T11:21:19Z', 'via': {'channel': 'web_service'}}, 'event': {'current': '12539083047311', 'previous': None}, 'id': '73e45141-9f49-4a45-90eb-55886d826c54', 'subject': 'zen:ticket:19', 'time': '2025-04-27T11:21:19.630090242Z', 'type': 'zen:event-type:ticket.sla_policy_changed', 'zendesk_event_version': '2022-11-06'}
Received webhook data: {'account_id': 24951610, 'detail': {'actor_id': '12539082960655', 'assignee_id': '12539082960655', 'brand_id': '12539061997583', 'created_at': '2025-04-27T11:21:19Z', 'custom_status': '12539062003087', 'description': '111', 'external_id': None, 'form_id': '12539061969679', 'group_id': '12539062008207', 'id': '19', 'is_public': True, 'organization_id': None, 'priority': 'NORMAL', 'requester_id': '12540959778063', 'status': 'OPEN', 'subject': 'Telegram Support - Roger', 'submitter_id': '12540959778063', 'tags': ['telegram_support', 'telegram_user_7812442825'], 'type': 'QUESTION', 'updated_at': '2025-04-27T11:21:19Z', 'via': {'channel': 'web_service'}}, 'event': {'comment': {'author': {'id': '12540959778063', 'is_staff': False, 'name': 'Roger W'}, 'body': '111', 'id': '12541013829391', 'is_public': True}}, 'id': '9c627fb2-11ef-4581-8293-0934ccccb34c', 'subject': 'zen:ticket:19', 'time': '2025-04-27T11:21:19.630090242Z', 'type': 'zen:event-type:ticket.comment_added', 'zendesk_event_version': '2022-11-06'}
Received webhook data: {'account_id': 24951610, 'detail': {'actor_id': '12539082960655', 'assignee_id': '12539082960655', 'brand_id': '12539061997583', 'created_at': '2025-04-27T11:21:19Z', 'custom_status': '12539062003087', 'description': '111', 'external_id': None, 'form_id': '12539061969679', 'group_id': '12539062008207', 'id': '19', 'is_public': True, 'organization_id': None, 'priority': 'NORMAL', 'requester_id': '12540959778063', 'status': 'OPEN', 'subject': 'Telegram Support - Roger', 'submitter_id': '12540959778063', 'tags': ['telegram_support', 'telegram_user_7812442825'], 'type': 'QUESTION', 'updated_at': '2025-04-27T11:21:19Z', 'via': {'channel': 'web_service'}}, 'event': {'current': 'NORMAL', 'previous': None}, 'id': '4082de21-ff1b-491c-b6f2-7ed43b8a4fe9', 'subject': 'zen:ticket:19', 'time': '2025-04-27T11:21:19.630090242Z', 'type': 'zen:event-type:ticket.priority_changed', 'zendesk_event_version': '2022-11-06'}
Received webhook data: {'account_id': 24951610, 'detail': {'actor_id': '12539082960655', 'assignee_id': '12539082960655', 'brand_id': '12539061997583', 'created_at': '2025-04-27T11:21:19Z', 'custom_status': '12539062003087', 'description': '111', 'external_id': None, 'form_id': '12539061969679', 'group_id': '12539062008207', 'id': '19', 'is_public': True, 'organization_id': None, 'priority': 'NORMAL', 'requester_id': '12540959778063', 'status': 'OPEN', 'subject': 'Telegram Support - Roger', 'submitter_id': '12540959778063', 'tags': ['telegram_support', 'telegram_user_7812442825'], 'type': 'QUESTION', 'updated_at': '2025-04-27T11:21:19Z', 'via': {'channel': 'web_service'}}, 'event': {'current': '12540959778063', 'previous': None}, 'id': '9da4e0f0-2d9f-4c20-843f-2de58f2df29c', 'subject': 'zen:ticket:19', 'time': '2025-04-27T11:21:19.630090242Z', 'type': 'zen:event-type:ticket.submitter_changed', 'zendesk_event_version': '2022-11-06'}
Received webhook data: {'account_id': 24951610, 'detail': {'actor_id': '12539082960655', 'assignee_id': '12539082960655', 'brand_id': '12539061997583', 'created_at': '2025-04-27T11:21:19Z', 'custom_status': '12539062003087', 'description': '111', 'external_id': None, 'form_id': '12539061969679', 'group_id': '12539062008207', 'id': '19', 'is_public': True, 'organization_id': None, 'priority': 'NORMAL', 'requester_id': '12540959778063', 'status': 'OPEN', 'subject': 'Telegram Support - Roger', 'submitter_id': '12540959778063', 'tags': ['telegram_support', 'telegram_user_7812442825'], 'type': 'QUESTION', 'updated_at': '2025-04-27T11:21:19Z', 'via': {'channel': 'web_service'}}, 'event': {'current': '12539062008207', 'previous': None}, 'id': 'fa057ced-6ccc-4eec-b32f-c6d8d96f7a4e', 'subject': 'zen:ticket:19', 'time': '2025-04-27T11:21:19.630090242Z', 'type': 'zen:event-type:ticket.group_assignment_changed', 'zendesk_event_version': '2022-11-06'}
Processing comment added event
Processing ticket 19 with comment 12541013829391
Requester ID from ticket: 12540959778063
Received webhook request
Request data: {'account_id': 24951610, 'detail': {'actor_id': '12539082960655', 'assignee_id': '12539082960655', 'brand_id': '12539061997583', 'created_at': '2025-04-27T11:21:19Z', 'custom_status': '12539062003087', 'description': '111', 'external_id': None, 'form_id': '12539061969679', 'group_id': '12539062008207', 'id': '19', 'is_public': True, 'organization_id': None, 'priority': 'NORMAL', 'requester_id': '12540959778063', 'status': 'OPEN', 'subject': 'Telegram Support - Roger', 'submitter_id': '12540959778063', 'tags': ['telegram_support', 'telegram_user_7812442825'], 'type': 'QUESTION', 'updated_at': '2025-04-27T11:21:19Z', 'via': {'channel': 'web_service'}}, 'event': {}, 'id': '47925f83-4484-48d2-9207-673d7b13ada9', 'subject': 'zen:ticket:19', 'time': '2025-04-27T11:21:19.630090242Z', 'type': 'zen:event-type:ticket.created', 'zendesk_event_version': '2022-11-06'}
Received webhook data: {'account_id': 24951610, 'detail': {'actor_id': '12539082960655', 'assignee_id': '12539082960655', 'brand_id': '12539061997583', 'created_at': '2025-04-27T11:21:19Z', 'custom_status': '12539062003087', 'description': '111', 'external_id': None, 'form_id': '12539061969679', 'group_id': '12539062008207', 'id': '19', 'is_public': True, 'organization_id': None, 'priority': 'NORMAL', 'requester_id': '12540959778063', 'status': 'OPEN', 'subject': 'Telegram Support - Roger', 'submitter_id': '12540959778063', 'tags': ['telegram_support', 'telegram_user_7812442825'], 'type': 'QUESTION', 'updated_at': '2025-04-27T11:21:19Z', 'via': {'channel': 'web_service'}}, 'event': {}, 'id': '47925f83-4484-48d2-9207-673d7b13ada9', 'subject': 'zen:ticket:19', 'time': '2025-04-27T11:21:19.630090242Z', 'type': 'zen:event-type:ticket.created', 'zendesk_event_version': '2022-11-06'}
Received webhook request
Received webhook request
Request data: {'account_id': 24951610, 'detail': {'actor_id': '12539082960655', 'assignee_id': '12539082960655', 'brand_id': '12539061997583', 'created_at': '2025-04-27T11:21:19Z', 'custom_status': '12539062003087', 'description': '111', 'external_id': None, 'form_id': '12539061969679', 'group_id': '12539062008207', 'id': '19', 'is_public': True, 'organization_id': None, 'priority': 'NORMAL', 'requester_id': '12540959778063', 'status': 'OPEN', 'subject': 'Telegram Support - Roger', 'submitter_id': '12540959778063', 'tags': ['telegram_support', 'telegram_user_7812442825'], 'type': 'QUESTION', 'updated_at': '2025-04-27T11:21:19Z', 'via': {'channel': 'web_service'}}, 'event': {'current': 'OPEN', 'previous': 'NEW'}, 'id': 'b597b9a2-e85c-4cee-820a-6a45a8e99904', 'subject': 'zen:ticket:19', 'time': '2025-04-27T11:21:19.630090242Z', 'type': 'zen:event-type:ticket.status_changed', 'zendesk_event_version': '2022-11-06'}
Request data: {'account_id': 24951610, 'detail': {'actor_id': '12539082960655', 'assignee_id': '12539082960655', 'brand_id': '12539061997583', 'created_at': '2025-04-27T11:21:19Z', 'custom_status': '12539062003087', 'description': '111', 'external_id': None, 'form_id': '12539061969679', 'group_id': '12539062008207', 'id': '19', 'is_public': True, 'organization_id': None, 'priority': 'NORMAL', 'requester_id': '12540959778063', 'status': 'OPEN', 'subject': 'Telegram Support - Roger', 'submitter_id': '12540959778063', 'tags': ['telegram_support', 'telegram_user_7812442825'], 'type': 'QUESTION', 'updated_at': '2025-04-27T11:21:19Z', 'via': {'channel': 'web_service'}}, 'event': {'current': '111', 'previous': None}, 'id': 'b62a68e5-58f0-4ea7-bfb2-e9193b395433', 'subject': 'zen:ticket:19', 'time': '2025-04-27T11:21:19.630090242Z', 'type': 'zen:event-type:ticket.description_changed', 'zendesk_event_version': '2022-11-06'}
Received webhook data: {'account_id': 24951610, 'detail': {'actor_id': '12539082960655', 'assignee_id': '12539082960655', 'brand_id': '12539061997583', 'created_at': '2025-04-27T11:21:19Z', 'custom_status': '12539062003087', 'description': '111', 'external_id': None, 'form_id': '12539061969679', 'group_id': '12539062008207', 'id': '19', 'is_public': True, 'organization_id': None, 'priority': 'NORMAL', 'requester_id': '12540959778063', 'status': 'OPEN', 'subject': 'Telegram Support - Roger', 'submitter_id': '12540959778063', 'tags': ['telegram_support', 'telegram_user_7812442825'], 'type': 'QUESTION', 'updated_at': '2025-04-27T11:21:19Z', 'via': {'channel': 'web_service'}}, 'event': {'current': 'OPEN', 'previous': 'NEW'}, 'id': 'b597b9a2-e85c-4cee-820a-6a45a8e99904', 'subject': 'zen:ticket:19', 'time': '2025-04-27T11:21:19.630090242Z', 'type': 'zen:event-type:ticket.status_changed', 'zendesk_event_version': '2022-11-06'}
Received webhook data: {'account_id': 24951610, 'detail': {'actor_id': '12539082960655', 'assignee_id': '12539082960655', 'brand_id': '12539061997583', 'created_at': '2025-04-27T11:21:19Z', 'custom_status': '12539062003087', 'description': '111', 'external_id': None, 'form_id': '12539061969679', 'group_id': '12539062008207', 'id': '19', 'is_public': True, 'organization_id': None, 'priority': 'NORMAL', 'requester_id': '12540959778063', 'status': 'OPEN', 'subject': 'Telegram Support - Roger', 'submitter_id': '12540959778063', 'tags': ['telegram_support', 'telegram_user_7812442825'], 'type': 'QUESTION', 'updated_at': '2025-04-27T11:21:19Z', 'via': {'channel': 'web_service'}}, 'event': {'current': '111', 'previous': None}, 'id': 'b62a68e5-58f0-4ea7-bfb2-e9193b395433', 'subject': 'zen:ticket:19', 'time': '2025-04-27T11:21:19.630090242Z', 'type': 'zen:event-type:ticket.description_changed', 'zendesk_event_version': '2022-11-06'}
Found Telegram ID from user external_id: 7812442825
Skipping comment from requester
Received webhook request
Request data: {'account_id': 24951610, 'detail': {'actor_id': '-1', 'assignee_id': '12539082960655', 'brand_id': '12539061997583', 'created_at': '2025-04-27T11:21:19Z', 'custom_status': '12539062003087', 'description': '111', 'external_id': None, 'form_id': '12539061969679', 'group_id': '12539062008207', 'id': '19', 'is_public': True, 'organization_id': None, 'priority': 'NORMAL', 'requester_id': '12540959778063', 'status': 'OPEN', 'subject': 'Telegram Support - Roger', 'submitter_id': '12540959778063', 'tags': ['system_email_notification_failure', 'telegram_support', 'telegram_user_7812442825'], 'type': 'QUESTION', 'updated_at': '2025-04-27T11:21:21Z', 'via': {'channel': 'web_service'}}, 'event': {'tags_added': ['system_email_notification_failure'], 'tags_removed': []}, 'id': '6ce78b49-c315-43fc-b056-21adbdba3aaa', 'subject': 'zen:ticket:19', 'time': '2025-04-27T11:21:21.938297620Z', 'type': 'zen:event-type:ticket.tags_changed', 'zendesk_event_version': '2022-11-06'}
Received webhook data: {'account_id': 24951610, 'detail': {'actor_id': '-1', 'assignee_id': '12539082960655', 'brand_id': '12539061997583', 'created_at': '2025-04-27T11:21:19Z', 'custom_status': '12539062003087', 'description': '111', 'external_id': None, 'form_id': '12539061969679', 'group_id': '12539062008207', 'id': '19', 'is_public': True, 'organization_id': None, 'priority': 'NORMAL', 'requester_id': '12540959778063', 'status': 'OPEN', 'subject': 'Telegram Support - Roger', 'submitter_id': '12540959778063', 'tags': ['system_email_notification_failure', 'telegram_support', 'telegram_user_7812442825'], 'type': 'QUESTION', 'updated_at': '2025-04-27T11:21:21Z', 'via': {'channel': 'web_service'}}, 'event': {'tags_added': ['system_email_notification_failure'], 'tags_removed': []}, 'id': '6ce78b49-c315-43fc-b056-21adbdba3aaa', 'subject': 'zen:ticket:19', 'time': '2025-04-27T11:21:21.938297620Z', 'type': 'zen:event-type:ticket.tags_changed', 'zendesk_event_version': '2022-11-06'}
Received webhook request
Received webhook request
Received webhook request
Received webhook request
Received webhook request
Received webhook request
Received webhook request
Received webhook request
Received webhook request
Received webhook request
Received webhook request
Received webhook request
Received webhook request
Received webhook request
Received webhook request
Received webhook request
Processing comment added event
Processing ticket 20 with comment 12541022801551
Requester ID from ticket: 12540857350543
Found Telegram ID from user external_id: 8189840800
Skipping comment from requester
Received webhook request
Received webhook request
Processing comment added event
Processing ticket 20 with comment 12541006132879
Requester ID from ticket: 12540857350543
Found Telegram ID from user external_id: 8189840800
Attempting to send message to Telegram user 8189840800
Successfully sent message to Telegram
Received webhook request
Request data: {'account_id': 24951610, 'detail': {'actor_id': '12539082960655', 'assignee_id': '12539082960655', 'brand_id': '12539061997583', 'created_at': '2025-04-27T11:21:19Z', 'custom_status': '12539062003087', 'description': '111', 'external_id': None, 'form_id': '12539061969679', 'group_id': '12539062008207', 'id': '19', 'is_public': True, 'organization_id': None, 'priority': 'NORMAL', 'requester_id': '12540959778063', 'status': 'OPEN', 'subject': 'Telegram Support - Roger', 'submitter_id': '12540959778063', 'tags': ['system_email_notification_failure', 'telegram_support', 'telegram_user_7812442825'], 'type': 'QUESTION', 'updated_at': '2025-04-27T11:23:00Z', 'via': {'channel': 'web_service'}}, 'event': {'comment': {'author': {'id': '12539082960655', 'is_staff': True, 'name': 'Levi Chiew'}, 'body': '你是谁', 'id': '12541006618383', 'is_public': True}}, 'id': 'a6e81050-8e23-49c0-b1ab-ca4918bccd78', 'subject': 'zen:ticket:19', 'time': '2025-04-27T11:23:00.617698900Z', 'type': 'zen:event-type:ticket.comment_added', 'zendesk_event_version': '2022-11-06'}
Received webhook data: {'account_id': 24951610, 'detail': {'actor_id': '12539082960655', 'assignee_id': '12539082960655', 'brand_id': '12539061997583', 'created_at': '2025-04-27T11:21:19Z', 'custom_status': '12539062003087', 'description': '111', 'external_id': None, 'form_id': '12539061969679', 'group_id': '12539062008207', 'id': '19', 'is_public': True, 'organization_id': None, 'priority': 'NORMAL', 'requester_id': '12540959778063', 'status': 'OPEN', 'subject': 'Telegram Support - Roger', 'submitter_id': '12540959778063', 'tags': ['system_email_notification_failure', 'telegram_support', 'telegram_user_7812442825'], 'type': 'QUESTION', 'updated_at': '2025-04-27T11:23:00Z', 'via': {'channel': 'web_service'}}, 'event': {'comment': {'author': {'id': '12539082960655', 'is_staff': True, 'name': 'Levi Chiew'}, 'body': '你是谁', 'id': '12541006618383', 'is_public': True}}, 'id': 'a6e81050-8e23-49c0-b1ab-ca4918bccd78', 'subject': 'zen:ticket:19', 'time': '2025-04-27T11:23:00.617698900Z', 'type': 'zen:event-type:ticket.comment_added', 'zendesk_event_version': '2022-11-06'}
Processing comment added event
Processing ticket 19 with comment 12541006618383
Requester ID from ticket: 12540959778063
Found Telegram ID from user external_id: 7812442825
Attempting to send message to Telegram user 7812442825
Successfully sent message to Telegram
Received webhook request
Request data: {'account_id': 24951610, 'detail': {'actor_id': '12539082960655', 'assignee_id': '12539082960655', 'brand_id': '12539061997583', 'created_at': '2025-04-27T11:24:42Z', 'custom_status': '12539062003087', 'description': '我是小老弟', 'external_id': None, 'form_id': '12539061969679', 'group_id': '12539062008207', 'id': '21', 'is_public': True, 'organization_id': None, 'priority': 'NORMAL', 'requester_id': '12540959778063', 'status': 'OPEN', 'subject': 'Telegram Support - Roger', 'submitter_id': '12540959778063', 'tags': ['telegram_support', 'telegram_user_7812442825'], 'type': 'QUESTION', 'updated_at': '2025-04-27T11:24:42Z', 'via': {'channel': 'web_service'}}, 'event': {'current': '12539061969679', 'previous': None}, 'id': 'c14f1826-9aba-4532-bd23-b7fb4a59aeaa', 'subject': 'zen:ticket:21', 'time': '2025-04-27T11:24:42.614005493Z', 'type': 'zen:event-type:ticket.form_changed', 'zendesk_event_version': '2022-11-06'}
Received webhook data: {'account_id': 24951610, 'detail': {'actor_id': '12539082960655', 'assignee_id': '12539082960655', 'brand_id': '12539061997583', 'created_at': '2025-04-27T11:24:42Z', 'custom_status': '12539062003087', 'description': '我是小老弟', 'external_id': None, 'form_id': '12539061969679', 'group_id': '12539062008207', 'id': '21', 'is_public': True, 'organization_id': None, 'priority': 'NORMAL', 'requester_id': '12540959778063', 'status': 'OPEN', 'subject': 'Telegram Support - Roger', 'submitter_id': '12540959778063', 'tags': ['telegram_support', 'telegram_user_7812442825'], 'type': 'QUESTION', 'updated_at': '2025-04-27T11:24:42Z', 'via': {'channel': 'web_service'}}, 'event': {'current': '12539061969679', 'previous': None}, 'id': 'c14f1826-9aba-4532-bd23-b7fb4a59aeaa', 'subject': 'zen:ticket:21', 'time': '2025-04-27T11:24:42.614005493Z', 'type': 'zen:event-type:ticket.form_changed', 'zendesk_event_version': '2022-11-06'}
Received webhook request
Request data: {'account_id': 24951610, 'detail': {'actor_id': '12539082960655', 'assignee_id': '12539082960655', 'brand_id': '12539061997583', 'created_at': '2025-04-27T11:24:42Z', 'custom_status': '12539062003087', 'description': '我是小老弟', 'external_id': None, 'form_id': '12539061969679', 'group_id': '12539062008207', 'id': '21', 'is_public': True, 'organization_id': None, 'priority': 'NORMAL', 'requester_id': '12540959778063', 'status': 'OPEN', 'subject': 'Telegram Support - Roger', 'submitter_id': '12540959778063', 'tags': ['telegram_support', 'telegram_user_7812442825'], 'type': 'QUESTION', 'updated_at': '2025-04-27T11:24:42Z', 'via': {'channel': 'web_service'}}, 'event': {'tags_added': ['telegram_support', 'telegram_user_7812442825'], 'tags_removed': []}, 'id': 'd2c21fa2-6260-4d96-ace1-dc115bd28c80', 'subject': 'zen:ticket:21', 'time': '2025-04-27T11:24:42.614005493Z', 'type': 'zen:event-type:ticket.tags_changed', 'zendesk_event_version': '2022-11-06'}
Received webhook request
Received webhook request
Received webhook request
Received webhook request
Received webhook data: {'account_id': 24951610, 'detail': {'actor_id': '12539082960655', 'assignee_id': '12539082960655', 'brand_id': '12539061997583', 'created_at': '2025-04-27T11:24:42Z', 'custom_status': '12539062003087', 'description': '我是小老弟', 'external_id': None, 'form_id': '12539061969679', 'group_id': '12539062008207', 'id': '21', 'is_public': True, 'organization_id': None, 'priority': 'NORMAL', 'requester_id': '12540959778063', 'status': 'OPEN', 'subject': 'Telegram Support - Roger', 'submitter_id': '12540959778063', 'tags': ['telegram_support', 'telegram_user_7812442825'], 'type': 'QUESTION', 'updated_at': '2025-04-27T11:24:42Z', 'via': {'channel': 'web_service'}}, 'event': {'tags_added': ['telegram_support', 'telegram_user_7812442825'], 'tags_removed': []}, 'id': 'd2c21fa2-6260-4d96-ace1-dc115bd28c80', 'subject': 'zen:ticket:21', 'time': '2025-04-27T11:24:42.614005493Z', 'type': 'zen:event-type:ticket.tags_changed', 'zendesk_event_version': '2022-11-06'}
Received webhook request
Request data: {'account_id': 24951610, 'detail': {'actor_id': '12539082960655', 'assignee_id': '12539082960655', 'brand_id': '12539061997583', 'created_at': '2025-04-27T11:24:42Z', 'custom_status': '12539062003087', 'description': '我是小老弟', 'external_id': None, 'form_id': '12539061969679', 'group_id': '12539062008207', 'id': '21', 'is_public': True, 'organization_id': None, 'priority': 'NORMAL', 'requester_id': '12540959778063', 'status': 'OPEN', 'subject': 'Telegram Support - Roger', 'submitter_id': '12540959778063', 'tags': ['telegram_support', 'telegram_user_7812442825'], 'type': 'QUESTION', 'updated_at': '2025-04-27T11:24:42Z', 'via': {'channel': 'web_service'}}, 'event': {'current': '12539062003087', 'previous': None}, 'id': 'e10d9ff1-78a4-4691-b0a1-743faff2b6ed', 'subject': 'zen:ticket:21', 'time': '2025-04-27T11:24:42.614005493Z', 'type': 'zen:event-type:ticket.custom_status_changed', 'zendesk_event_version': '2022-11-06'}
Received webhook request
Received webhook request
Request data: {'account_id': 24951610, 'detail': {'actor_id': '12539082960655', 'assignee_id': '12539082960655', 'brand_id': '12539061997583', 'created_at': '2025-04-27T11:24:42Z', 'custom_status': '12539062003087', 'description': '我是小老弟', 'external_id': None, 'form_id': '12539061969679', 'group_id': '12539062008207', 'id': '21', 'is_public': True, 'organization_id': None, 'priority': 'NORMAL', 'requester_id': '12540959778063', 'status': 'OPEN', 'subject': 'Telegram Support - Roger', 'submitter_id': '12540959778063', 'tags': ['telegram_support', 'telegram_user_7812442825'], 'type': 'QUESTION', 'updated_at': '2025-04-27T11:24:42Z', 'via': {'channel': 'web_service'}}, 'event': {'comment': {'author': {'id': '12540959778063', 'is_staff': False, 'name': 'Roger W'}, 'body': '我是小老弟', 'id': '12540993531535', 'is_public': True}}, 'id': '59d063a2-5f74-4df2-9614-a059ece2c2b2', 'subject': 'zen:ticket:21', 'time': '2025-04-27T11:24:42.614005493Z', 'type': 'zen:event-type:ticket.comment_added', 'zendesk_event_version': '2022-11-06'}
Received webhook request
Request data: {'account_id': 24951610, 'detail': {'actor_id': '12539082960655', 'assignee_id': '12539082960655', 'brand_id': '12539061997583', 'created_at': '2025-04-27T11:24:42Z', 'custom_status': '12539062003087', 'description': '我是小老弟', 'external_id': None, 'form_id': '12539061969679', 'group_id': '12539062008207', 'id': '21', 'is_public': True, 'organization_id': None, 'priority': 'NORMAL', 'requester_id': '12540959778063', 'status': 'OPEN', 'subject': 'Telegram Support - Roger', 'submitter_id': '12540959778063', 'tags': ['telegram_support', 'telegram_user_7812442825'], 'type': 'QUESTION', 'updated_at': '2025-04-27T11:24:42Z', 'via': {'channel': 'web_service'}}, 'event': {'current': '12539061997583', 'previous': None}, 'id': '7b052dc3-c69c-4bdd-ab59-cf3f2adf2083', 'subject': 'zen:ticket:21', 'time': '2025-04-27T11:24:42.614005493Z', 'type': 'zen:event-type:ticket.brand_changed', 'zendesk_event_version': '2022-11-06'}
Received webhook request
Received webhook request
Request data: {'account_id': 24951610, 'detail': {'actor_id': '12539082960655', 'assignee_id': '12539082960655', 'brand_id': '12539061997583', 'created_at': '2025-04-27T11:24:42Z', 'custom_status': '12539062003087', 'description': '我是小老弟', 'external_id': None, 'form_id': '12539061969679', 'group_id': '12539062008207', 'id': '21', 'is_public': True, 'organization_id': None, 'priority': 'NORMAL', 'requester_id': '12540959778063', 'status': 'OPEN', 'subject': 'Telegram Support - Roger', 'submitter_id': '12540959778063', 'tags': ['telegram_support', 'telegram_user_7812442825'], 'type': 'QUESTION', 'updated_at': '2025-04-27T11:24:42Z', 'via': {'channel': 'web_service'}}, 'event': {'current': 'NORMAL', 'previous': None}, 'id': 'b9de14ba-643f-471d-a758-74944bc9ccab', 'subject': 'zen:ticket:21', 'time': '2025-04-27T11:24:42.614005493Z', 'type': 'zen:event-type:ticket.priority_changed', 'zendesk_event_version': '2022-11-06'}
Request data: {'account_id': 24951610, 'detail': {'actor_id': '12539082960655', 'assignee_id': '12539082960655', 'brand_id': '12539061997583', 'created_at': '2025-04-27T11:24:42Z', 'custom_status': '12539062003087', 'description': '我是小老弟', 'external_id': None, 'form_id': '12539061969679', 'group_id': '12539062008207', 'id': '21', 'is_public': True, 'organization_id': None, 'priority': 'NORMAL', 'requester_id': '12540959778063', 'status': 'OPEN', 'subject': 'Telegram Support - Roger', 'submitter_id': '12540959778063', 'tags': ['telegram_support', 'telegram_user_7812442825'], 'type': 'QUESTION', 'updated_at': '2025-04-27T11:24:42Z', 'via': {'channel': 'web_service'}}, 'event': {'current': 'QUESTION', 'previous': None}, 'id': '9dc2237f-2b30-444d-ba30-cbb2d086e121', 'subject': 'zen:ticket:21', 'time': '2025-04-27T11:24:42.614005493Z', 'type': 'zen:event-type:ticket.type_changed', 'zendesk_event_version': '2022-11-06'}
Received webhook data: {'account_id': 24951610, 'detail': {'actor_id': '12539082960655', 'assignee_id': '12539082960655', 'brand_id': '12539061997583', 'created_at': '2025-04-27T11:24:42Z', 'custom_status': '12539062003087', 'description': '我是小老弟', 'external_id': None, 'form_id': '12539061969679', 'group_id': '12539062008207', 'id': '21', 'is_public': True, 'organization_id': None, 'priority': 'NORMAL', 'requester_id': '12540959778063', 'status': 'OPEN', 'subject': 'Telegram Support - Roger', 'submitter_id': '12540959778063', 'tags': ['telegram_support', 'telegram_user_7812442825'], 'type': 'QUESTION', 'updated_at': '2025-04-27T11:24:42Z', 'via': {'channel': 'web_service'}}, 'event': {'current': '12539062003087', 'previous': None}, 'id': 'e10d9ff1-78a4-4691-b0a1-743faff2b6ed', 'subject': 'zen:ticket:21', 'time': '2025-04-27T11:24:42.614005493Z', 'type': 'zen:event-type:ticket.custom_status_changed', 'zendesk_event_version': '2022-11-06'}
Request data: {'account_id': 24951610, 'detail': {'actor_id': '12539082960655', 'assignee_id': '12539082960655', 'brand_id': '12539061997583', 'created_at': '2025-04-27T11:24:42Z', 'custom_status': '12539062003087', 'description': '我是小老弟', 'external_id': None, 'form_id': '12539061969679', 'group_id': '12539062008207', 'id': '21', 'is_public': True, 'organization_id': None, 'priority': 'NORMAL', 'requester_id': '12540959778063', 'status': 'OPEN', 'subject': 'Telegram Support - Roger', 'submitter_id': '12540959778063', 'tags': ['telegram_support', 'telegram_user_7812442825'], 'type': 'QUESTION', 'updated_at': '2025-04-27T11:24:42Z', 'via': {'channel': 'web_service'}}, 'event': {'current': 'Telegram Support - Roger', 'previous': None}, 'id': '6ef848e4-80ab-4fd5-a635-7aa52d3f97ca', 'subject': 'zen:ticket:21', 'time': '2025-04-27T11:24:42.614005493Z', 'type': 'zen:event-type:ticket.subject_changed', 'zendesk_event_version': '2022-11-06'}
Request data: {'account_id': 24951610, 'detail': {'actor_id': '12539082960655', 'assignee_id': '12539082960655', 'brand_id': '12539061997583', 'created_at': '2025-04-27T11:24:42Z', 'custom_status': '12539062003087', 'description': '我是小老弟', 'external_id': None, 'form_id': '12539061969679', 'group_id': '12539062008207', 'id': '21', 'is_public': True, 'organization_id': None, 'priority': 'NORMAL', 'requester_id': '12540959778063', 'status': 'OPEN', 'subject': 'Telegram Support - Roger', 'submitter_id': '12540959778063', 'tags': ['telegram_support', 'telegram_user_7812442825'], 'type': 'QUESTION', 'updated_at': '2025-04-27T11:24:42Z', 'via': {'channel': 'web_service'}}, 'event': {}, 'id': '009b1621-7276-47c2-a783-726f46ce246a', 'subject': 'zen:ticket:21', 'time': '2025-04-27T11:24:42.614005493Z', 'type': 'zen:event-type:ticket.created', 'zendesk_event_version': '2022-11-06'}
Received webhook data: {'account_id': 24951610, 'detail': {'actor_id': '12539082960655', 'assignee_id': '12539082960655', 'brand_id': '12539061997583', 'created_at': '2025-04-27T11:24:42Z', 'custom_status': '12539062003087', 'description': '我是小老弟', 'external_id': None, 'form_id': '12539061969679', 'group_id': '12539062008207', 'id': '21', 'is_public': True, 'organization_id': None, 'priority': 'NORMAL', 'requester_id': '12540959778063', 'status': 'OPEN', 'subject': 'Telegram Support - Roger', 'submitter_id': '12540959778063', 'tags': ['telegram_support', 'telegram_user_7812442825'], 'type': 'QUESTION', 'updated_at': '2025-04-27T11:24:42Z', 'via': {'channel': 'web_service'}}, 'event': {'comment': {'author': {'id': '12540959778063', 'is_staff': False, 'name': 'Roger W'}, 'body': '我是小老弟', 'id': '12540993531535', 'is_public': True}}, 'id': '59d063a2-5f74-4df2-9614-a059ece2c2b2', 'subject': 'zen:ticket:21', 'time': '2025-04-27T11:24:42.614005493Z', 'type': 'zen:event-type:ticket.comment_added', 'zendesk_event_version': '2022-11-06'}
Request data: {'account_id': 24951610, 'detail': {'actor_id': '12539082960655', 'assignee_id': '12539082960655', 'brand_id': '12539061997583', 'created_at': '2025-04-27T11:24:42Z', 'custom_status': '12539062003087', 'description': '我是小老弟', 'external_id': None, 'form_id': '12539061969679', 'group_id': '12539062008207', 'id': '21', 'is_public': True, 'organization_id': None, 'priority': 'NORMAL', 'requester_id': '12540959778063', 'status': 'OPEN', 'subject': 'Telegram Support - Roger', 'submitter_id': '12540959778063', 'tags': ['telegram_support', 'telegram_user_7812442825'], 'type': 'QUESTION', 'updated_at': '2025-04-27T11:24:42Z', 'via': {'channel': 'web_service'}}, 'event': {'current': 'OPEN', 'previous': 'NEW'}, 'id': 'ab0c1fd1-5a14-4e45-9e9f-93fc331d1509', 'subject': 'zen:ticket:21', 'time': '2025-04-27T11:24:42.614005493Z', 'type': 'zen:event-type:ticket.status_changed', 'zendesk_event_version': '2022-11-06'}
Received webhook data: {'account_id': 24951610, 'detail': {'actor_id': '12539082960655', 'assignee_id': '12539082960655', 'brand_id': '12539061997583', 'created_at': '2025-04-27T11:24:42Z', 'custom_status': '12539062003087', 'description': '我是小老弟', 'external_id': None, 'form_id': '12539061969679', 'group_id': '12539062008207', 'id': '21', 'is_public': True, 'organization_id': None, 'priority': 'NORMAL', 'requester_id': '12540959778063', 'status': 'OPEN', 'subject': 'Telegram Support - Roger', 'submitter_id': '12540959778063', 'tags': ['telegram_support', 'telegram_user_7812442825'], 'type': 'QUESTION', 'updated_at': '2025-04-27T11:24:42Z', 'via': {'channel': 'web_service'}}, 'event': {'current': '12539061997583', 'previous': None}, 'id': '7b052dc3-c69c-4bdd-ab59-cf3f2adf2083', 'subject': 'zen:ticket:21', 'time': '2025-04-27T11:24:42.614005493Z', 'type': 'zen:event-type:ticket.brand_changed', 'zendesk_event_version': '2022-11-06'}
Received webhook data: {'account_id': 24951610, 'detail': {'actor_id': '12539082960655', 'assignee_id': '12539082960655', 'brand_id': '12539061997583', 'created_at': '2025-04-27T11:24:42Z', 'custom_status': '12539062003087', 'description': '我是小老弟', 'external_id': None, 'form_id': '12539061969679', 'group_id': '12539062008207', 'id': '21', 'is_public': True, 'organization_id': None, 'priority': 'NORMAL', 'requester_id': '12540959778063', 'status': 'OPEN', 'subject': 'Telegram Support - Roger', 'submitter_id': '12540959778063', 'tags': ['telegram_support', 'telegram_user_7812442825'], 'type': 'QUESTION', 'updated_at': '2025-04-27T11:24:42Z', 'via': {'channel': 'web_service'}}, 'event': {'current': 'OPEN', 'previous': 'NEW'}, 'id': 'ab0c1fd1-5a14-4e45-9e9f-93fc331d1509', 'subject': 'zen:ticket:21', 'time': '2025-04-27T11:24:42.614005493Z', 'type': 'zen:event-type:ticket.status_changed', 'zendesk_event_version': '2022-11-06'}
Request data: {'account_id': 24951610, 'detail': {'actor_id': '12539082960655', 'assignee_id': '12539082960655', 'brand_id': '12539061997583', 'created_at': '2025-04-27T11:24:42Z', 'custom_status': '12539062003087', 'description': '我是小老弟', 'external_id': None, 'form_id': '12539061969679', 'group_id': '12539062008207', 'id': '21', 'is_public': True, 'organization_id': None, 'priority': 'NORMAL', 'requester_id': '12540959778063', 'status': 'OPEN', 'subject': 'Telegram Support - Roger', 'submitter_id': '12540959778063', 'tags': ['telegram_support', 'telegram_user_7812442825'], 'type': 'QUESTION', 'updated_at': '2025-04-27T11:24:42Z', 'via': {'channel': 'web_service'}}, 'event': {'current': '12540959778063', 'previous': None}, 'id': 'd5b3ffda-9fdf-4745-91dc-4ee44fb402b1', 'subject': 'zen:ticket:21', 'time': '2025-04-27T11:24:42.614005493Z', 'type': 'zen:event-type:ticket.submitter_changed', 'zendesk_event_version': '2022-11-06'}
Received webhook data: {'account_id': 24951610, 'detail': {'actor_id': '12539082960655', 'assignee_id': '12539082960655', 'brand_id': '12539061997583', 'created_at': '2025-04-27T11:24:42Z', 'custom_status': '12539062003087', 'description': '我是小老弟', 'external_id': None, 'form_id': '12539061969679', 'group_id': '12539062008207', 'id': '21', 'is_public': True, 'organization_id': None, 'priority': 'NORMAL', 'requester_id': '12540959778063', 'status': 'OPEN', 'subject': 'Telegram Support - Roger', 'submitter_id': '12540959778063', 'tags': ['telegram_support', 'telegram_user_7812442825'], 'type': 'QUESTION', 'updated_at': '2025-04-27T11:24:42Z', 'via': {'channel': 'web_service'}}, 'event': {'current': 'NORMAL', 'previous': None}, 'id': 'b9de14ba-643f-471d-a758-74944bc9ccab', 'subject': 'zen:ticket:21', 'time': '2025-04-27T11:24:42.614005493Z', 'type': 'zen:event-type:ticket.priority_changed', 'zendesk_event_version': '2022-11-06'}
Received webhook data: {'account_id': 24951610, 'detail': {'actor_id': '12539082960655', 'assignee_id': '12539082960655', 'brand_id': '12539061997583', 'created_at': '2025-04-27T11:24:42Z', 'custom_status': '12539062003087', 'description': '我是小老弟', 'external_id': None, 'form_id': '12539061969679', 'group_id': '12539062008207', 'id': '21', 'is_public': True, 'organization_id': None, 'priority': 'NORMAL', 'requester_id': '12540959778063', 'status': 'OPEN', 'subject': 'Telegram Support - Roger', 'submitter_id': '12540959778063', 'tags': ['telegram_support', 'telegram_user_7812442825'], 'type': 'QUESTION', 'updated_at': '2025-04-27T11:24:42Z', 'via': {'channel': 'web_service'}}, 'event': {'current': 'QUESTION', 'previous': None}, 'id': '9dc2237f-2b30-444d-ba30-cbb2d086e121', 'subject': 'zen:ticket:21', 'time': '2025-04-27T11:24:42.614005493Z', 'type': 'zen:event-type:ticket.type_changed', 'zendesk_event_version': '2022-11-06'}
Received webhook data: {'account_id': 24951610, 'detail': {'actor_id': '12539082960655', 'assignee_id': '12539082960655', 'brand_id': '12539061997583', 'created_at': '2025-04-27T11:24:42Z', 'custom_status': '12539062003087', 'description': '我是小老弟', 'external_id': None, 'form_id': '12539061969679', 'group_id': '12539062008207', 'id': '21', 'is_public': True, 'organization_id': None, 'priority': 'NORMAL', 'requester_id': '12540959778063', 'status': 'OPEN', 'subject': 'Telegram Support - Roger', 'submitter_id': '12540959778063', 'tags': ['telegram_support', 'telegram_user_7812442825'], 'type': 'QUESTION', 'updated_at': '2025-04-27T11:24:42Z', 'via': {'channel': 'web_service'}}, 'event': {'current': 'Telegram Support - Roger', 'previous': None}, 'id': '6ef848e4-80ab-4fd5-a635-7aa52d3f97ca', 'subject': 'zen:ticket:21', 'time': '2025-04-27T11:24:42.614005493Z', 'type': 'zen:event-type:ticket.subject_changed', 'zendesk_event_version': '2022-11-06'}
Received webhook request
Received webhook request
Received webhook data: {'account_id': 24951610, 'detail': {'actor_id': '12539082960655', 'assignee_id': '12539082960655', 'brand_id': '12539061997583', 'created_at': '2025-04-27T11:24:42Z', 'custom_status': '12539062003087', 'description': '我是小老弟', 'external_id': None, 'form_id': '12539061969679', 'group_id': '12539062008207', 'id': '21', 'is_public': True, 'organization_id': None, 'priority': 'NORMAL', 'requester_id': '12540959778063', 'status': 'OPEN', 'subject': 'Telegram Support - Roger', 'submitter_id': '12540959778063', 'tags': ['telegram_support', 'telegram_user_7812442825'], 'type': 'QUESTION', 'updated_at': '2025-04-27T11:24:42Z', 'via': {'channel': 'web_service'}}, 'event': {}, 'id': '009b1621-7276-47c2-a783-726f46ce246a', 'subject': 'zen:ticket:21', 'time': '2025-04-27T11:24:42.614005493Z', 'type': 'zen:event-type:ticket.created', 'zendesk_event_version': '2022-11-06'}
Request data: {'account_id': 24951610, 'detail': {'actor_id': '12539082960655', 'assignee_id': '12539082960655', 'brand_id': '12539061997583', 'created_at': '2025-04-27T11:24:42Z', 'custom_status': '12539062003087', 'description': '我是小老弟', 'external_id': None, 'form_id': '12539061969679', 'group_id': '12539062008207', 'id': '21', 'is_public': True, 'organization_id': None, 'priority': 'NORMAL', 'requester_id': '12540959778063', 'status': 'OPEN', 'subject': 'Telegram Support - Roger', 'submitter_id': '12540959778063', 'tags': ['telegram_support', 'telegram_user_7812442825'], 'type': 'QUESTION', 'updated_at': '2025-04-27T11:24:42Z', 'via': {'channel': 'web_service'}}, 'event': {'current': '我是小老弟', 'previous': None}, 'id': '30d08161-09f7-43c4-8803-51e5132b0ddd', 'subject': 'zen:ticket:21', 'time': '2025-04-27T11:24:42.614005493Z', 'type': 'zen:event-type:ticket.description_changed', 'zendesk_event_version': '2022-11-06'}
Received webhook request
Processing comment added event
Received webhook request
Received webhook data: {'account_id': 24951610, 'detail': {'actor_id': '12539082960655', 'assignee_id': '12539082960655', 'brand_id': '12539061997583', 'created_at': '2025-04-27T11:24:42Z', 'custom_status': '12539062003087', 'description': '我是小老弟', 'external_id': None, 'form_id': '12539061969679', 'group_id': '12539062008207', 'id': '21', 'is_public': True, 'organization_id': None, 'priority': 'NORMAL', 'requester_id': '12540959778063', 'status': 'OPEN', 'subject': 'Telegram Support - Roger', 'submitter_id': '12540959778063', 'tags': ['telegram_support', 'telegram_user_7812442825'], 'type': 'QUESTION', 'updated_at': '2025-04-27T11:24:42Z', 'via': {'channel': 'web_service'}}, 'event': {'current': '12540959778063', 'previous': None}, 'id': 'd5b3ffda-9fdf-4745-91dc-4ee44fb402b1', 'subject': 'zen:ticket:21', 'time': '2025-04-27T11:24:42.614005493Z', 'type': 'zen:event-type:ticket.submitter_changed', 'zendesk_event_version': '2022-11-06'}
Request data: {'account_id': 24951610, 'detail': {'actor_id': '12539082960655', 'assignee_id': '12539082960655', 'brand_id': '12539061997583', 'created_at': '2025-04-27T11:24:42Z', 'custom_status': '12539062003087', 'description': '我是小老弟', 'external_id': None, 'form_id': '12539061969679', 'group_id': '12539062008207', 'id': '21', 'is_public': True, 'organization_id': None, 'priority': 'NORMAL', 'requester_id': '12540959778063', 'status': 'OPEN', 'subject': 'Telegram Support - Roger', 'submitter_id': '12540959778063', 'tags': ['telegram_support', 'telegram_user_7812442825'], 'type': 'QUESTION', 'updated_at': '2025-04-27T11:24:42Z', 'via': {'channel': 'web_service'}}, 'event': {'current': '12539062008207', 'previous': None}, 'id': 'f555a589-aec6-4328-8f13-c967ca4975a1', 'subject': 'zen:ticket:21', 'time': '2025-04-27T11:24:42.614005493Z', 'type': 'zen:event-type:ticket.group_assignment_changed', 'zendesk_event_version': '2022-11-06'}
Request data: {'account_id': 24951610, 'detail': {'actor_id': '12539082960655', 'assignee_id': '12539082960655', 'brand_id': '12539061997583', 'created_at': '2025-04-27T11:24:42Z', 'custom_status': '12539062003087', 'description': '我是小老弟', 'external_id': None, 'form_id': '12539061969679', 'group_id': '12539062008207', 'id': '21', 'is_public': True, 'organization_id': None, 'priority': 'NORMAL', 'requester_id': '12540959778063', 'status': 'OPEN', 'subject': 'Telegram Support - Roger', 'submitter_id': '12540959778063', 'tags': ['telegram_support', 'telegram_user_7812442825'], 'type': 'QUESTION', 'updated_at': '2025-04-27T11:24:42Z', 'via': {'channel': 'web_service'}}, 'event': {'current': '12540959778063', 'previous': None}, 'id': '27a53bbe-3c29-438f-aa75-420f44c5b431', 'subject': 'zen:ticket:21', 'time': '2025-04-27T11:24:42.614005493Z', 'type': 'zen:event-type:ticket.requester_changed', 'zendesk_event_version': '2022-11-06'}
Received webhook data: {'account_id': 24951610, 'detail': {'actor_id': '12539082960655', 'assignee_id': '12539082960655', 'brand_id': '12539061997583', 'created_at': '2025-04-27T11:24:42Z', 'custom_status': '12539062003087', 'description': '我是小老弟', 'external_id': None, 'form_id': '12539061969679', 'group_id': '12539062008207', 'id': '21', 'is_public': True, 'organization_id': None, 'priority': 'NORMAL', 'requester_id': '12540959778063', 'status': 'OPEN', 'subject': 'Telegram Support - Roger', 'submitter_id': '12540959778063', 'tags': ['telegram_support', 'telegram_user_7812442825'], 'type': 'QUESTION', 'updated_at': '2025-04-27T11:24:42Z', 'via': {'channel': 'web_service'}}, 'event': {'current': '我是小老弟', 'previous': None}, 'id': '30d08161-09f7-43c4-8803-51e5132b0ddd', 'subject': 'zen:ticket:21', 'time': '2025-04-27T11:24:42.614005493Z', 'type': 'zen:event-type:ticket.description_changed', 'zendesk_event_version': '2022-11-06'}
Request data: {'account_id': 24951610, 'detail': {'actor_id': '12539082960655', 'assignee_id': '12539082960655', 'brand_id': '12539061997583', 'created_at': '2025-04-27T11:24:42Z', 'custom_status': '12539062003087', 'description': '我是小老弟', 'external_id': None, 'form_id': '12539061969679', 'group_id': '12539062008207', 'id': '21', 'is_public': True, 'organization_id': None, 'priority': 'NORMAL', 'requester_id': '12540959778063', 'status': 'OPEN', 'subject': 'Telegram Support - Roger', 'submitter_id': '12540959778063', 'tags': ['telegram_support', 'telegram_user_7812442825'], 'type': 'QUESTION', 'updated_at': '2025-04-27T11:24:42Z', 'via': {'channel': 'web_service'}}, 'event': {'current': '12539083047311', 'previous': None}, 'id': '5aae0e06-bbc9-4ab9-aa13-8ac4414c0b04', 'subject': 'zen:ticket:21', 'time': '2025-04-27T11:24:42.614005493Z', 'type': 'zen:event-type:ticket.sla_policy_changed', 'zendesk_event_version': '2022-11-06'}
Processing ticket 21 with comment 12540993531535
Request data: {'account_id': 24951610, 'detail': {'actor_id': '12539082960655', 'assignee_id': '12539082960655', 'brand_id': '12539061997583', 'created_at': '2025-04-27T11:24:42Z', 'custom_status': '12539062003087', 'description': '我是小老弟', 'external_id': None, 'form_id': '12539061969679', 'group_id': '12539062008207', 'id': '21', 'is_public': True, 'organization_id': None, 'priority': 'NORMAL', 'requester_id': '12540959778063', 'status': 'OPEN', 'subject': 'Telegram Support - Roger', 'submitter_id': '12540959778063', 'tags': ['telegram_support', 'telegram_user_7812442825'], 'type': 'QUESTION', 'updated_at': '2025-04-27T11:24:42Z', 'via': {'channel': 'web_service'}}, 'event': {'current': '12539082960655', 'previous': None}, 'id': 'ad0a947e-67a2-4d1e-b88a-81631f3b59dc', 'subject': 'zen:ticket:21', 'time': '2025-04-27T11:24:42.614005493Z', 'type': 'zen:event-type:ticket.agent_assignment_changed', 'zendesk_event_version': '2022-11-06'}
Received webhook data: {'account_id': 24951610, 'detail': {'actor_id': '12539082960655', 'assignee_id': '12539082960655', 'brand_id': '12539061997583', 'created_at': '2025-04-27T11:24:42Z', 'custom_status': '12539062003087', 'description': '我是小老弟', 'external_id': None, 'form_id': '12539061969679', 'group_id': '12539062008207', 'id': '21', 'is_public': True, 'organization_id': None, 'priority': 'NORMAL', 'requester_id': '12540959778063', 'status': 'OPEN', 'subject': 'Telegram Support - Roger', 'submitter_id': '12540959778063', 'tags': ['telegram_support', 'telegram_user_7812442825'], 'type': 'QUESTION', 'updated_at': '2025-04-27T11:24:42Z', 'via': {'channel': 'web_service'}}, 'event': {'current': '12539062008207', 'previous': None}, 'id': 'f555a589-aec6-4328-8f13-c967ca4975a1', 'subject': 'zen:ticket:21', 'time': '2025-04-27T11:24:42.614005493Z', 'type': 'zen:event-type:ticket.group_assignment_changed', 'zendesk_event_version': '2022-11-06'}
Received webhook data: {'account_id': 24951610, 'detail': {'actor_id': '12539082960655', 'assignee_id': '12539082960655', 'brand_id': '12539061997583', 'created_at': '2025-04-27T11:24:42Z', 'custom_status': '12539062003087', 'description': '我是小老弟', 'external_id': None, 'form_id': '12539061969679', 'group_id': '12539062008207', 'id': '21', 'is_public': True, 'organization_id': None, 'priority': 'NORMAL', 'requester_id': '12540959778063', 'status': 'OPEN', 'subject': 'Telegram Support - Roger', 'submitter_id': '12540959778063', 'tags': ['telegram_support', 'telegram_user_7812442825'], 'type': 'QUESTION', 'updated_at': '2025-04-27T11:24:42Z', 'via': {'channel': 'web_service'}}, 'event': {'current': '12540959778063', 'previous': None}, 'id': '27a53bbe-3c29-438f-aa75-420f44c5b431', 'subject': 'zen:ticket:21', 'time': '2025-04-27T11:24:42.614005493Z', 'type': 'zen:event-type:ticket.requester_changed', 'zendesk_event_version': '2022-11-06'}
Received webhook data: {'account_id': 24951610, 'detail': {'actor_id': '12539082960655', 'assignee_id': '12539082960655', 'brand_id': '12539061997583', 'created_at': '2025-04-27T11:24:42Z', 'custom_status': '12539062003087', 'description': '我是小老弟', 'external_id': None, 'form_id': '12539061969679', 'group_id': '12539062008207', 'id': '21', 'is_public': True, 'organization_id': None, 'priority': 'NORMAL', 'requester_id': '12540959778063', 'status': 'OPEN', 'subject': 'Telegram Support - Roger', 'submitter_id': '12540959778063', 'tags': ['telegram_support', 'telegram_user_7812442825'], 'type': 'QUESTION', 'updated_at': '2025-04-27T11:24:42Z', 'via': {'channel': 'web_service'}}, 'event': {'current': '12539083047311', 'previous': None}, 'id': '5aae0e06-bbc9-4ab9-aa13-8ac4414c0b04', 'subject': 'zen:ticket:21', 'time': '2025-04-27T11:24:42.614005493Z', 'type': 'zen:event-type:ticket.sla_policy_changed', 'zendesk_event_version': '2022-11-06'}
Requester ID from ticket: 12540959778063
Received webhook data: {'account_id': 24951610, 'detail': {'actor_id': '12539082960655', 'assignee_id': '12539082960655', 'brand_id': '12539061997583', 'created_at': '2025-04-27T11:24:42Z', 'custom_status': '12539062003087', 'description': '我是小老弟', 'external_id': None, 'form_id': '12539061969679', 'group_id': '12539062008207', 'id': '21', 'is_public': True, 'organization_id': None, 'priority': 'NORMAL', 'requester_id': '12540959778063', 'status': 'OPEN', 'subject': 'Telegram Support - Roger', 'submitter_id': '12540959778063', 'tags': ['telegram_support', 'telegram_user_7812442825'], 'type': 'QUESTION', 'updated_at': '2025-04-27T11:24:42Z', 'via': {'channel': 'web_service'}}, 'event': {'current': '12539082960655', 'previous': None}, 'id': 'ad0a947e-67a2-4d1e-b88a-81631f3b59dc', 'subject': 'zen:ticket:21', 'time': '2025-04-27T11:24:42.614005493Z', 'type': 'zen:event-type:ticket.agent_assignment_changed', 'zendesk_event_version': '2022-11-06'}
Found Telegram ID from user external_id: 7812442825
Skipping comment from requester
Received webhook request
Request data: {'account_id': 24951610, 'detail': {'actor_id': '-1', 'assignee_id': '12539082960655', 'brand_id': '12539061997583', 'created_at': '2025-04-27T11:24:42Z', 'custom_status': '12539062003087', 'description': '我是小老弟', 'external_id': None, 'form_id': '12539061969679', 'group_id': '12539062008207', 'id': '21', 'is_public': True, 'organization_id': None, 'priority': 'NORMAL', 'requester_id': '12540959778063', 'status': 'OPEN', 'subject': 'Telegram Support - Roger', 'submitter_id': '12540959778063', 'tags': ['system_email_notification_failure', 'telegram_support', 'telegram_user_7812442825'], 'type': 'QUESTION', 'updated_at': '2025-04-27T11:24:44Z', 'via': {'channel': 'web_service'}}, 'event': {'tags_added': ['system_email_notification_failure'], 'tags_removed': []}, 'id': '405249d7-eab1-4fd5-bf3a-eec2025458b1', 'subject': 'zen:ticket:21', 'time': '2025-04-27T11:24:44.233264944Z', 'type': 'zen:event-type:ticket.tags_changed', 'zendesk_event_version': '2022-11-06'}
Received webhook data: {'account_id': 24951610, 'detail': {'actor_id': '-1', 'assignee_id': '12539082960655', 'brand_id': '12539061997583', 'created_at': '2025-04-27T11:24:42Z', 'custom_status': '12539062003087', 'description': '我是小老弟', 'external_id': None, 'form_id': '12539061969679', 'group_id': '12539062008207', 'id': '21', 'is_public': True, 'organization_id': None, 'priority': 'NORMAL', 'requester_id': '12540959778063', 'status': 'OPEN', 'subject': 'Telegram Support - Roger', 'submitter_id': '12540959778063', 'tags': ['system_email_notification_failure', 'telegram_support', 'telegram_user_7812442825'], 'type': 'QUESTION', 'updated_at': '2025-04-27T11:24:44Z', 'via': {'channel': 'web_service'}}, 'event': {'tags_added': ['system_email_notification_failure'], 'tags_removed': []}, 'id': '405249d7-eab1-4fd5-bf3a-eec2025458b1', 'subject': 'zen:ticket:21', 'time': '2025-04-27T11:24:44.233264944Z', 'type': 'zen:event-type:ticket.tags_changed', 'zendesk_event_version': '2022-11-06'}
Received webhook request
Request data: {'account_id': 24951610, 'detail': {'actor_id': '12539082960655', 'assignee_id': '12539082960655', 'brand_id': '12539061997583', 'created_at': '2025-04-27T11:29:25Z', 'custom_status': '12539062003087', 'description': 'sup', 'external_id': None, 'form_id': '12539061969679', 'group_id': '12539062008207', 'id': '22', 'is_public': True, 'organization_id': None, 'priority': 'NORMAL', 'requester_id': '12541041488783', 'status': 'OPEN', 'subject': 'Telegram Support - @kowliep', 'submitter_id': '12541041488783', 'tags': ['telegram_support', 'telegram_user_8174074226'], 'type': 'QUESTION', 'updated_at': '2025-04-27T11:29:25Z', 'via': {'channel': 'web_service'}}, 'event': {'current': '12539061969679', 'previous': None}, 'id': '26b55faf-279d-4bd2-8072-d5504fb87fd9', 'subject': 'zen:ticket:22', 'time': '2025-04-27T11:29:25.413035953Z', 'type': 'zen:event-type:ticket.form_changed', 'zendesk_event_version': '2022-11-06'}
Received webhook data: {'account_id': 24951610, 'detail': {'actor_id': '12539082960655', 'assignee_id': '12539082960655', 'brand_id': '12539061997583', 'created_at': '2025-04-27T11:29:25Z', 'custom_status': '12539062003087', 'description': 'sup', 'external_id': None, 'form_id': '12539061969679', 'group_id': '12539062008207', 'id': '22', 'is_public': True, 'organization_id': None, 'priority': 'NORMAL', 'requester_id': '12541041488783', 'status': 'OPEN', 'subject': 'Telegram Support - @kowliep', 'submitter_id': '12541041488783', 'tags': ['telegram_support', 'telegram_user_8174074226'], 'type': 'QUESTION', 'updated_at': '2025-04-27T11:29:25Z', 'via': {'channel': 'web_service'}}, 'event': {'current': '12539061969679', 'previous': None}, 'id': '26b55faf-279d-4bd2-8072-d5504fb87fd9', 'subject': 'zen:ticket:22', 'time': '2025-04-27T11:29:25.413035953Z', 'type': 'zen:event-type:ticket.form_changed', 'zendesk_event_version': '2022-11-06'}
Received webhook request
Received webhook request
Request data: {'account_id': 24951610, 'detail': {'actor_id': '12539082960655', 'assignee_id': '12539082960655', 'brand_id': '12539061997583', 'created_at': '2025-04-27T11:29:25Z', 'custom_status': '12539062003087', 'description': 'sup', 'external_id': None, 'form_id': '12539061969679', 'group_id': '12539062008207', 'id': '22', 'is_public': True, 'organization_id': None, 'priority': 'NORMAL', 'requester_id': '12541041488783', 'status': 'OPEN', 'subject': 'Telegram Support - @kowliep', 'submitter_id': '12541041488783', 'tags': ['telegram_support', 'telegram_user_8174074226'], 'type': 'QUESTION', 'updated_at': '2025-04-27T11:29:25Z', 'via': {'channel': 'web_service'}}, 'event': {'current': '12541041488783', 'previous': None}, 'id': '78bcb962-1274-4e2e-8c95-4335efa97adc', 'subject': 'zen:ticket:22', 'time': '2025-04-27T11:29:25.413035953Z', 'type': 'zen:event-type:ticket.requester_changed', 'zendesk_event_version': '2022-11-06'}
Received webhook request
Received webhook request
Request data: {'account_id': 24951610, 'detail': {'actor_id': '12539082960655', 'assignee_id': '12539082960655', 'brand_id': '12539061997583', 'created_at': '2025-04-27T11:29:25Z', 'custom_status': '12539062003087', 'description': 'sup', 'external_id': None, 'form_id': '12539061969679', 'group_id': '12539062008207', 'id': '22', 'is_public': True, 'organization_id': None, 'priority': 'NORMAL', 'requester_id': '12541041488783', 'status': 'OPEN', 'subject': 'Telegram Support - @kowliep', 'submitter_id': '12541041488783', 'tags': ['telegram_support', 'telegram_user_8174074226'], 'type': 'QUESTION', 'updated_at': '2025-04-27T11:29:25Z', 'via': {'channel': 'web_service'}}, 'event': {'current': '12539083047311', 'previous': None}, 'id': '847da935-f66c-4fa0-a565-64b52e30c7ef', 'subject': 'zen:ticket:22', 'time': '2025-04-27T11:29:25.413035953Z', 'type': 'zen:event-type:ticket.sla_policy_changed', 'zendesk_event_version': '2022-11-06'}
Received webhook data: {'account_id': 24951610, 'detail': {'actor_id': '12539082960655', 'assignee_id': '12539082960655', 'brand_id': '12539061997583', 'created_at': '2025-04-27T11:29:25Z', 'custom_status': '12539062003087', 'description': 'sup', 'external_id': None, 'form_id': '12539061969679', 'group_id': '12539062008207', 'id': '22', 'is_public': True, 'organization_id': None, 'priority': 'NORMAL', 'requester_id': '12541041488783', 'status': 'OPEN', 'subject': 'Telegram Support - @kowliep', 'submitter_id': '12541041488783', 'tags': ['telegram_support', 'telegram_user_8174074226'], 'type': 'QUESTION', 'updated_at': '2025-04-27T11:29:25Z', 'via': {'channel': 'web_service'}}, 'event': {'current': '12541041488783', 'previous': None}, 'id': '78bcb962-1274-4e2e-8c95-4335efa97adc', 'subject': 'zen:ticket:22', 'time': '2025-04-27T11:29:25.413035953Z', 'type': 'zen:event-type:ticket.requester_changed', 'zendesk_event_version': '2022-11-06'}
Request data: {'account_id': 24951610, 'detail': {'actor_id': '12539082960655', 'assignee_id': '12539082960655', 'brand_id': '12539061997583', 'created_at': '2025-04-27T11:29:25Z', 'custom_status': '12539062003087', 'description': 'sup', 'external_id': None, 'form_id': '12539061969679', 'group_id': '12539062008207', 'id': '22', 'is_public': True, 'organization_id': None, 'priority': 'NORMAL', 'requester_id': '12541041488783', 'status': 'OPEN', 'subject': 'Telegram Support - @kowliep', 'submitter_id': '12541041488783', 'tags': ['telegram_support', 'telegram_user_8174074226'], 'type': 'QUESTION', 'updated_at': '2025-04-27T11:29:25Z', 'via': {'channel': 'web_service'}}, 'event': {'tags_added': ['telegram_support', 'telegram_user_8174074226'], 'tags_removed': []}, 'id': '6e11ff97-1585-4a50-992d-ecd721f5c5e4', 'subject': 'zen:ticket:22', 'time': '2025-04-27T11:29:25.413035953Z', 'type': 'zen:event-type:ticket.tags_changed', 'zendesk_event_version': '2022-11-06'}
Request data: {'account_id': 24951610, 'detail': {'actor_id': '12539082960655', 'assignee_id': '12539082960655', 'brand_id': '12539061997583', 'created_at': '2025-04-27T11:29:25Z', 'custom_status': '12539062003087', 'description': 'sup', 'external_id': None, 'form_id': '12539061969679', 'group_id': '12539062008207', 'id': '22', 'is_public': True, 'organization_id': None, 'priority': 'NORMAL', 'requester_id': '12541041488783', 'status': 'OPEN', 'subject': 'Telegram Support - @kowliep', 'submitter_id': '12541041488783', 'tags': ['telegram_support', 'telegram_user_8174074226'], 'type': 'QUESTION', 'updated_at': '2025-04-27T11:29:25Z', 'via': {'channel': 'web_service'}}, 'event': {'current': 'Telegram Support - @kowliep', 'previous': None}, 'id': '0480f604-14b2-4343-87eb-33cfcbacd0b1', 'subject': 'zen:ticket:22', 'time': '2025-04-27T11:29:25.413035953Z', 'type': 'zen:event-type:ticket.subject_changed', 'zendesk_event_version': '2022-11-06'}
Received webhook data: {'account_id': 24951610, 'detail': {'actor_id': '12539082960655', 'assignee_id': '12539082960655', 'brand_id': '12539061997583', 'created_at': '2025-04-27T11:29:25Z', 'custom_status': '12539062003087', 'description': 'sup', 'external_id': None, 'form_id': '12539061969679', 'group_id': '12539062008207', 'id': '22', 'is_public': True, 'organization_id': None, 'priority': 'NORMAL', 'requester_id': '12541041488783', 'status': 'OPEN', 'subject': 'Telegram Support - @kowliep', 'submitter_id': '12541041488783', 'tags': ['telegram_support', 'telegram_user_8174074226'], 'type': 'QUESTION', 'updated_at': '2025-04-27T11:29:25Z', 'via': {'channel': 'web_service'}}, 'event': {'current': '12539083047311', 'previous': None}, 'id': '847da935-f66c-4fa0-a565-64b52e30c7ef', 'subject': 'zen:ticket:22', 'time': '2025-04-27T11:29:25.413035953Z', 'type': 'zen:event-type:ticket.sla_policy_changed', 'zendesk_event_version': '2022-11-06'}
Received webhook data: {'account_id': 24951610, 'detail': {'actor_id': '12539082960655', 'assignee_id': '12539082960655', 'brand_id': '12539061997583', 'created_at': '2025-04-27T11:29:25Z', 'custom_status': '12539062003087', 'description': 'sup', 'external_id': None, 'form_id': '12539061969679', 'group_id': '12539062008207', 'id': '22', 'is_public': True, 'organization_id': None, 'priority': 'NORMAL', 'requester_id': '12541041488783', 'status': 'OPEN', 'subject': 'Telegram Support - @kowliep', 'submitter_id': '12541041488783', 'tags': ['telegram_support', 'telegram_user_8174074226'], 'type': 'QUESTION', 'updated_at': '2025-04-27T11:29:25Z', 'via': {'channel': 'web_service'}}, 'event': {'tags_added': ['telegram_support', 'telegram_user_8174074226'], 'tags_removed': []}, 'id': '6e11ff97-1585-4a50-992d-ecd721f5c5e4', 'subject': 'zen:ticket:22', 'time': '2025-04-27T11:29:25.413035953Z', 'type': 'zen:event-type:ticket.tags_changed', 'zendesk_event_version': '2022-11-06'}
Received webhook data: {'account_id': 24951610, 'detail': {'actor_id': '12539082960655', 'assignee_id': '12539082960655', 'brand_id': '12539061997583', 'created_at': '2025-04-27T11:29:25Z', 'custom_status': '12539062003087', 'description': 'sup', 'external_id': None, 'form_id': '12539061969679', 'group_id': '12539062008207', 'id': '22', 'is_public': True, 'organization_id': None, 'priority': 'NORMAL', 'requester_id': '12541041488783', 'status': 'OPEN', 'subject': 'Telegram Support - @kowliep', 'submitter_id': '12541041488783', 'tags': ['telegram_support', 'telegram_user_8174074226'], 'type': 'QUESTION', 'updated_at': '2025-04-27T11:29:25Z', 'via': {'channel': 'web_service'}}, 'event': {'current': 'Telegram Support - @kowliep', 'previous': None}, 'id': '0480f604-14b2-4343-87eb-33cfcbacd0b1', 'subject': 'zen:ticket:22', 'time': '2025-04-27T11:29:25.413035953Z', 'type': 'zen:event-type:ticket.subject_changed', 'zendesk_event_version': '2022-11-06'}
Received webhook request
Request data: {'account_id': 24951610, 'detail': {'actor_id': '12539082960655', 'assignee_id': '12539082960655', 'brand_id': '12539061997583', 'created_at': '2025-04-27T11:29:25Z', 'custom_status': '12539062003087', 'description': 'sup', 'external_id': None, 'form_id': '12539061969679', 'group_id': '12539062008207', 'id': '22', 'is_public': True, 'organization_id': None, 'priority': 'NORMAL', 'requester_id': '12541041488783', 'status': 'OPEN', 'subject': 'Telegram Support - @kowliep', 'submitter_id': '12541041488783', 'tags': ['telegram_support', 'telegram_user_8174074226'], 'type': 'QUESTION', 'updated_at': '2025-04-27T11:29:25Z', 'via': {'channel': 'web_service'}}, 'event': {'current': '12539062008207', 'previous': None}, 'id': '2dfccfe6-eeda-4e3a-bc98-4a605bcaf8f4', 'subject': 'zen:ticket:22', 'time': '2025-04-27T11:29:25.413035953Z', 'type': 'zen:event-type:ticket.group_assignment_changed', 'zendesk_event_version': '2022-11-06'}
Received webhook request
Received webhook request
Received webhook data: {'account_id': 24951610, 'detail': {'actor_id': '12539082960655', 'assignee_id': '12539082960655', 'brand_id': '12539061997583', 'created_at': '2025-04-27T11:29:25Z', 'custom_status': '12539062003087', 'description': 'sup', 'external_id': None, 'form_id': '12539061969679', 'group_id': '12539062008207', 'id': '22', 'is_public': True, 'organization_id': None, 'priority': 'NORMAL', 'requester_id': '12541041488783', 'status': 'OPEN', 'subject': 'Telegram Support - @kowliep', 'submitter_id': '12541041488783', 'tags': ['telegram_support', 'telegram_user_8174074226'], 'type': 'QUESTION', 'updated_at': '2025-04-27T11:29:25Z', 'via': {'channel': 'web_service'}}, 'event': {'current': '12539062008207', 'previous': None}, 'id': '2dfccfe6-eeda-4e3a-bc98-4a605bcaf8f4', 'subject': 'zen:ticket:22', 'time': '2025-04-27T11:29:25.413035953Z', 'type': 'zen:event-type:ticket.group_assignment_changed', 'zendesk_event_version': '2022-11-06'}
Received webhook request
Request data: {'account_id': 24951610, 'detail': {'actor_id': '12539082960655', 'assignee_id': '12539082960655', 'brand_id': '12539061997583', 'created_at': '2025-04-27T11:29:25Z', 'custom_status': '12539062003087', 'description': 'sup', 'external_id': None, 'form_id': '12539061969679', 'group_id': '12539062008207', 'id': '22', 'is_public': True, 'organization_id': None, 'priority': 'NORMAL', 'requester_id': '12541041488783', 'status': 'OPEN', 'subject': 'Telegram Support - @kowliep', 'submitter_id': '12541041488783', 'tags': ['telegram_support', 'telegram_user_8174074226'], 'type': 'QUESTION', 'updated_at': '2025-04-27T11:29:25Z', 'via': {'channel': 'web_service'}}, 'event': {'current': 'QUESTION', 'previous': None}, 'id': '128b8cbf-1a7f-40f7-b3cb-effd680303b5', 'subject': 'zen:ticket:22', 'time': '2025-04-27T11:29:25.413035953Z', 'type': 'zen:event-type:ticket.type_changed', 'zendesk_event_version': '2022-11-06'}
Received webhook request
Request data: {'account_id': 24951610, 'detail': {'actor_id': '12539082960655', 'assignee_id': '12539082960655', 'brand_id': '12539061997583', 'created_at': '2025-04-27T11:29:25Z', 'custom_status': '12539062003087', 'description': 'sup', 'external_id': None, 'form_id': '12539061969679', 'group_id': '12539062008207', 'id': '22', 'is_public': True, 'organization_id': None, 'priority': 'NORMAL', 'requester_id': '12541041488783', 'status': 'OPEN', 'subject': 'Telegram Support - @kowliep', 'submitter_id': '12541041488783', 'tags': ['telegram_support', 'telegram_user_8174074226'], 'type': 'QUESTION', 'updated_at': '2025-04-27T11:29:25Z', 'via': {'channel': 'web_service'}}, 'event': {'current': '12539062003087', 'previous': None}, 'id': '0e850d5d-fbd7-4fa9-a928-74b7996d7278', 'subject': 'zen:ticket:22', 'time': '2025-04-27T11:29:25.413035953Z', 'type': 'zen:event-type:ticket.custom_status_changed', 'zendesk_event_version': '2022-11-06'}
Request data: {'account_id': 24951610, 'detail': {'actor_id': '12539082960655', 'assignee_id': '12539082960655', 'brand_id': '12539061997583', 'created_at': '2025-04-27T11:29:25Z', 'custom_status': '12539062003087', 'description': 'sup', 'external_id': None, 'form_id': '12539061969679', 'group_id': '12539062008207', 'id': '22', 'is_public': True, 'organization_id': None, 'priority': 'NORMAL', 'requester_id': '12541041488783', 'status': 'OPEN', 'subject': 'Telegram Support - @kowliep', 'submitter_id': '12541041488783', 'tags': ['telegram_support', 'telegram_user_8174074226'], 'type': 'QUESTION', 'updated_at': '2025-04-27T11:29:25Z', 'via': {'channel': 'web_service'}}, 'event': {'current': 'sup', 'previous': None}, 'id': '6099141a-96bf-4bc9-b97f-7c9362a5e885', 'subject': 'zen:ticket:22', 'time': '2025-04-27T11:29:25.413035953Z', 'type': 'zen:event-type:ticket.description_changed', 'zendesk_event_version': '2022-11-06'}
Received webhook data: {'account_id': 24951610, 'detail': {'actor_id': '12539082960655', 'assignee_id': '12539082960655', 'brand_id': '12539061997583', 'created_at': '2025-04-27T11:29:25Z', 'custom_status': '12539062003087', 'description': 'sup', 'external_id': None, 'form_id': '12539061969679', 'group_id': '12539062008207', 'id': '22', 'is_public': True, 'organization_id': None, 'priority': 'NORMAL', 'requester_id': '12541041488783', 'status': 'OPEN', 'subject': 'Telegram Support - @kowliep', 'submitter_id': '12541041488783', 'tags': ['telegram_support', 'telegram_user_8174074226'], 'type': 'QUESTION', 'updated_at': '2025-04-27T11:29:25Z', 'via': {'channel': 'web_service'}}, 'event': {'current': 'QUESTION', 'previous': None}, 'id': '128b8cbf-1a7f-40f7-b3cb-effd680303b5', 'subject': 'zen:ticket:22', 'time': '2025-04-27T11:29:25.413035953Z', 'type': 'zen:event-type:ticket.type_changed', 'zendesk_event_version': '2022-11-06'}
Request data: {'account_id': 24951610, 'detail': {'actor_id': '12539082960655', 'assignee_id': '12539082960655', 'brand_id': '12539061997583', 'created_at': '2025-04-27T11:29:25Z', 'custom_status': '12539062003087', 'description': 'sup', 'external_id': None, 'form_id': '12539061969679', 'group_id': '12539062008207', 'id': '22', 'is_public': True, 'organization_id': None, 'priority': 'NORMAL', 'requester_id': '12541041488783', 'status': 'OPEN', 'subject': 'Telegram Support - @kowliep', 'submitter_id': '12541041488783', 'tags': ['telegram_support', 'telegram_user_8174074226'], 'type': 'QUESTION', 'updated_at': '2025-04-27T11:29:25Z', 'via': {'channel': 'web_service'}}, 'event': {'current': '12541041488783', 'previous': None}, 'id': 'fe922b8e-bbb0-4536-8b01-806ca85aed5e', 'subject': 'zen:ticket:22', 'time': '2025-04-27T11:29:25.413035953Z', 'type': 'zen:event-type:ticket.submitter_changed', 'zendesk_event_version': '2022-11-06'}
Received webhook data: {'account_id': 24951610, 'detail': {'actor_id': '12539082960655', 'assignee_id': '12539082960655', 'brand_id': '12539061997583', 'created_at': '2025-04-27T11:29:25Z', 'custom_status': '12539062003087', 'description': 'sup', 'external_id': None, 'form_id': '12539061969679', 'group_id': '12539062008207', 'id': '22', 'is_public': True, 'organization_id': None, 'priority': 'NORMAL', 'requester_id': '12541041488783', 'status': 'OPEN', 'subject': 'Telegram Support - @kowliep', 'submitter_id': '12541041488783', 'tags': ['telegram_support', 'telegram_user_8174074226'], 'type': 'QUESTION', 'updated_at': '2025-04-27T11:29:25Z', 'via': {'channel': 'web_service'}}, 'event': {'current': '12539062003087', 'previous': None}, 'id': '0e850d5d-fbd7-4fa9-a928-74b7996d7278', 'subject': 'zen:ticket:22', 'time': '2025-04-27T11:29:25.413035953Z', 'type': 'zen:event-type:ticket.custom_status_changed', 'zendesk_event_version': '2022-11-06'}
Received webhook data: {'account_id': 24951610, 'detail': {'actor_id': '12539082960655', 'assignee_id': '12539082960655', 'brand_id': '12539061997583', 'created_at': '2025-04-27T11:29:25Z', 'custom_status': '12539062003087', 'description': 'sup', 'external_id': None, 'form_id': '12539061969679', 'group_id': '12539062008207', 'id': '22', 'is_public': True, 'organization_id': None, 'priority': 'NORMAL', 'requester_id': '12541041488783', 'status': 'OPEN', 'subject': 'Telegram Support - @kowliep', 'submitter_id': '12541041488783', 'tags': ['telegram_support', 'telegram_user_8174074226'], 'type': 'QUESTION', 'updated_at': '2025-04-27T11:29:25Z', 'via': {'channel': 'web_service'}}, 'event': {'current': 'sup', 'previous': None}, 'id': '6099141a-96bf-4bc9-b97f-7c9362a5e885', 'subject': 'zen:ticket:22', 'time': '2025-04-27T11:29:25.413035953Z', 'type': 'zen:event-type:ticket.description_changed', 'zendesk_event_version': '2022-11-06'}
Received webhook data: {'account_id': 24951610, 'detail': {'actor_id': '12539082960655', 'assignee_id': '12539082960655', 'brand_id': '12539061997583', 'created_at': '2025-04-27T11:29:25Z', 'custom_status': '12539062003087', 'description': 'sup', 'external_id': None, 'form_id': '12539061969679', 'group_id': '12539062008207', 'id': '22', 'is_public': True, 'organization_id': None, 'priority': 'NORMAL', 'requester_id': '12541041488783', 'status': 'OPEN', 'subject': 'Telegram Support - @kowliep', 'submitter_id': '12541041488783', 'tags': ['telegram_support', 'telegram_user_8174074226'], 'type': 'QUESTION', 'updated_at': '2025-04-27T11:29:25Z', 'via': {'channel': 'web_service'}}, 'event': {'current': '12541041488783', 'previous': None}, 'id': 'fe922b8e-bbb0-4536-8b01-806ca85aed5e', 'subject': 'zen:ticket:22', 'time': '2025-04-27T11:29:25.413035953Z', 'type': 'zen:event-type:ticket.submitter_changed', 'zendesk_event_version': '2022-11-06'}
Received webhook request
Request data: {'account_id': 24951610, 'detail': {'actor_id': '12539082960655', 'assignee_id': '12539082960655', 'brand_id': '12539061997583', 'created_at': '2025-04-27T11:29:25Z', 'custom_status': '12539062003087', 'description': 'sup', 'external_id': None, 'form_id': '12539061969679', 'group_id': '12539062008207', 'id': '22', 'is_public': True, 'organization_id': None, 'priority': 'NORMAL', 'requester_id': '12541041488783', 'status': 'OPEN', 'subject': 'Telegram Support - @kowliep', 'submitter_id': '12541041488783', 'tags': ['telegram_support', 'telegram_user_8174074226'], 'type': 'QUESTION', 'updated_at': '2025-04-27T11:29:25Z', 'via': {'channel': 'web_service'}}, 'event': {'current': 'OPEN', 'previous': 'NEW'}, 'id': 'ec4b264c-a80f-45f5-85ce-d501f5a9ee6d', 'subject': 'zen:ticket:22', 'time': '2025-04-27T11:29:25.413035953Z', 'type': 'zen:event-type:ticket.status_changed', 'zendesk_event_version': '2022-11-06'}
Received webhook request
Received webhook request
Received webhook data: {'account_id': 24951610, 'detail': {'actor_id': '12539082960655', 'assignee_id': '12539082960655', 'brand_id': '12539061997583', 'created_at': '2025-04-27T11:29:25Z', 'custom_status': '12539062003087', 'description': 'sup', 'external_id': None, 'form_id': '12539061969679', 'group_id': '12539062008207', 'id': '22', 'is_public': True, 'organization_id': None, 'priority': 'NORMAL', 'requester_id': '12541041488783', 'status': 'OPEN', 'subject': 'Telegram Support - @kowliep', 'submitter_id': '12541041488783', 'tags': ['telegram_support', 'telegram_user_8174074226'], 'type': 'QUESTION', 'updated_at': '2025-04-27T11:29:25Z', 'via': {'channel': 'web_service'}}, 'event': {'current': 'OPEN', 'previous': 'NEW'}, 'id': 'ec4b264c-a80f-45f5-85ce-d501f5a9ee6d', 'subject': 'zen:ticket:22', 'time': '2025-04-27T11:29:25.413035953Z', 'type': 'zen:event-type:ticket.status_changed', 'zendesk_event_version': '2022-11-06'}
Received webhook request
Request data: {'account_id': 24951610, 'detail': {'actor_id': '12539082960655', 'assignee_id': '12539082960655', 'brand_id': '12539061997583', 'created_at': '2025-04-27T11:29:25Z', 'custom_status': '12539062003087', 'description': 'sup', 'external_id': None, 'form_id': '12539061969679', 'group_id': '12539062008207', 'id': '22', 'is_public': True, 'organization_id': None, 'priority': 'NORMAL', 'requester_id': '12541041488783', 'status': 'OPEN', 'subject': 'Telegram Support - @kowliep', 'submitter_id': '12541041488783', 'tags': ['telegram_support', 'telegram_user_8174074226'], 'type': 'QUESTION', 'updated_at': '2025-04-27T11:29:25Z', 'via': {'channel': 'web_service'}}, 'event': {'current': '12539061997583', 'previous': None}, 'id': '4fe0f9b3-24cc-4ba4-b29a-a892e86ceab0', 'subject': 'zen:ticket:22', 'time': '2025-04-27T11:29:25.413035953Z', 'type': 'zen:event-type:ticket.brand_changed', 'zendesk_event_version': '2022-11-06'}
Request data: {'account_id': 24951610, 'detail': {'actor_id': '12539082960655', 'assignee_id': '12539082960655', 'brand_id': '12539061997583', 'created_at': '2025-04-27T11:29:25Z', 'custom_status': '12539062003087', 'description': 'sup', 'external_id': None, 'form_id': '12539061969679', 'group_id': '12539062008207', 'id': '22', 'is_public': True, 'organization_id': None, 'priority': 'NORMAL', 'requester_id': '12541041488783', 'status': 'OPEN', 'subject': 'Telegram Support - @kowliep', 'submitter_id': '12541041488783', 'tags': ['telegram_support', 'telegram_user_8174074226'], 'type': 'QUESTION', 'updated_at': '2025-04-27T11:29:25Z', 'via': {'channel': 'web_service'}}, 'event': {'current': 'NORMAL', 'previous': None}, 'id': '9a567013-3670-4e5c-a149-e328dda1334c', 'subject': 'zen:ticket:22', 'time': '2025-04-27T11:29:25.413035953Z', 'type': 'zen:event-type:ticket.priority_changed', 'zendesk_event_version': '2022-11-06'}
Request data: {'account_id': 24951610, 'detail': {'actor_id': '12539082960655', 'assignee_id': '12539082960655', 'brand_id': '12539061997583', 'created_at': '2025-04-27T11:29:25Z', 'custom_status': '12539062003087', 'description': 'sup', 'external_id': None, 'form_id': '12539061969679', 'group_id': '12539062008207', 'id': '22', 'is_public': True, 'organization_id': None, 'priority': 'NORMAL', 'requester_id': '12541041488783', 'status': 'OPEN', 'subject': 'Telegram Support - @kowliep', 'submitter_id': '12541041488783', 'tags': ['telegram_support', 'telegram_user_8174074226'], 'type': 'QUESTION', 'updated_at': '2025-04-27T11:29:25Z', 'via': {'channel': 'web_service'}}, 'event': {'comment': {'author': {'id': '12541041488783', 'is_staff': False, 'name': '@kowliep'}, 'body': 'sup', 'id': '12541009504783', 'is_public': True}}, 'id': 'efd379f3-315d-48f4-b141-23566bdee2f7', 'subject': 'zen:ticket:22', 'time': '2025-04-27T11:29:25.413035953Z', 'type': 'zen:event-type:ticket.comment_added', 'zendesk_event_version': '2022-11-06'}
Received webhook data: {'account_id': 24951610, 'detail': {'actor_id': '12539082960655', 'assignee_id': '12539082960655', 'brand_id': '12539061997583', 'created_at': '2025-04-27T11:29:25Z', 'custom_status': '12539062003087', 'description': 'sup', 'external_id': None, 'form_id': '12539061969679', 'group_id': '12539062008207', 'id': '22', 'is_public': True, 'organization_id': None, 'priority': 'NORMAL', 'requester_id': '12541041488783', 'status': 'OPEN', 'subject': 'Telegram Support - @kowliep', 'submitter_id': '12541041488783', 'tags': ['telegram_support', 'telegram_user_8174074226'], 'type': 'QUESTION', 'updated_at': '2025-04-27T11:29:25Z', 'via': {'channel': 'web_service'}}, 'event': {'current': '12539061997583', 'previous': None}, 'id': '4fe0f9b3-24cc-4ba4-b29a-a892e86ceab0', 'subject': 'zen:ticket:22', 'time': '2025-04-27T11:29:25.413035953Z', 'type': 'zen:event-type:ticket.brand_changed', 'zendesk_event_version': '2022-11-06'}
Received webhook data: {'account_id': 24951610, 'detail': {'actor_id': '12539082960655', 'assignee_id': '12539082960655', 'brand_id': '12539061997583', 'created_at': '2025-04-27T11:29:25Z', 'custom_status': '12539062003087', 'description': 'sup', 'external_id': None, 'form_id': '12539061969679', 'group_id': '12539062008207', 'id': '22', 'is_public': True, 'organization_id': None, 'priority': 'NORMAL', 'requester_id': '12541041488783', 'status': 'OPEN', 'subject': 'Telegram Support - @kowliep', 'submitter_id': '12541041488783', 'tags': ['telegram_support', 'telegram_user_8174074226'], 'type': 'QUESTION', 'updated_at': '2025-04-27T11:29:25Z', 'via': {'channel': 'web_service'}}, 'event': {'current': 'NORMAL', 'previous': None}, 'id': '9a567013-3670-4e5c-a149-e328dda1334c', 'subject': 'zen:ticket:22', 'time': '2025-04-27T11:29:25.413035953Z', 'type': 'zen:event-type:ticket.priority_changed', 'zendesk_event_version': '2022-11-06'}
Received webhook data: {'account_id': 24951610, 'detail': {'actor_id': '12539082960655', 'assignee_id': '12539082960655', 'brand_id': '12539061997583', 'created_at': '2025-04-27T11:29:25Z', 'custom_status': '12539062003087', 'description': 'sup', 'external_id': None, 'form_id': '12539061969679', 'group_id': '12539062008207', 'id': '22', 'is_public': True, 'organization_id': None, 'priority': 'NORMAL', 'requester_id': '12541041488783', 'status': 'OPEN', 'subject': 'Telegram Support - @kowliep', 'submitter_id': '12541041488783', 'tags': ['telegram_support', 'telegram_user_8174074226'], 'type': 'QUESTION', 'updated_at': '2025-04-27T11:29:25Z', 'via': {'channel': 'web_service'}}, 'event': {'comment': {'author': {'id': '12541041488783', 'is_staff': False, 'name': '@kowliep'}, 'body': 'sup', 'id': '12541009504783', 'is_public': True}}, 'id': 'efd379f3-315d-48f4-b141-23566bdee2f7', 'subject': 'zen:ticket:22', 'time': '2025-04-27T11:29:25.413035953Z', 'type': 'zen:event-type:ticket.comment_added', 'zendesk_event_version': '2022-11-06'}
Processing comment added event
Processing ticket 22 with comment 12541009504783
Requester ID from ticket: 12541041488783
Received webhook request
Request data: {'account_id': 24951610, 'detail': {'actor_id': '12539082960655', 'assignee_id': '12539082960655', 'brand_id': '12539061997583', 'created_at': '2025-04-27T11:29:25Z', 'custom_status': '12539062003087', 'description': 'sup', 'external_id': None, 'form_id': '12539061969679', 'group_id': '12539062008207', 'id': '22', 'is_public': True, 'organization_id': None, 'priority': 'NORMAL', 'requester_id': '12541041488783', 'status': 'OPEN', 'subject': 'Telegram Support - @kowliep', 'submitter_id': '12541041488783', 'tags': ['telegram_support', 'telegram_user_8174074226'], 'type': 'QUESTION', 'updated_at': '2025-04-27T11:29:25Z', 'via': {'channel': 'web_service'}}, 'event': {}, 'id': '2c98ff2a-7af7-4261-b4d0-a5e358910c5f', 'subject': 'zen:ticket:22', 'time': '2025-04-27T11:29:25.413035953Z', 'type': 'zen:event-type:ticket.created', 'zendesk_event_version': '2022-11-06'}
Received webhook request
Received webhook data: {'account_id': 24951610, 'detail': {'actor_id': '12539082960655', 'assignee_id': '12539082960655', 'brand_id': '12539061997583', 'created_at': '2025-04-27T11:29:25Z', 'custom_status': '12539062003087', 'description': 'sup', 'external_id': None, 'form_id': '12539061969679', 'group_id': '12539062008207', 'id': '22', 'is_public': True, 'organization_id': None, 'priority': 'NORMAL', 'requester_id': '12541041488783', 'status': 'OPEN', 'subject': 'Telegram Support - @kowliep', 'submitter_id': '12541041488783', 'tags': ['telegram_support', 'telegram_user_8174074226'], 'type': 'QUESTION', 'updated_at': '2025-04-27T11:29:25Z', 'via': {'channel': 'web_service'}}, 'event': {}, 'id': '2c98ff2a-7af7-4261-b4d0-a5e358910c5f', 'subject': 'zen:ticket:22', 'time': '2025-04-27T11:29:25.413035953Z', 'type': 'zen:event-type:ticket.created', 'zendesk_event_version': '2022-11-06'}
Request data: {'account_id': 24951610, 'detail': {'actor_id': '12539082960655', 'assignee_id': '12539082960655', 'brand_id': '12539061997583', 'created_at': '2025-04-27T11:29:25Z', 'custom_status': '12539062003087', 'description': 'sup', 'external_id': None, 'form_id': '12539061969679', 'group_id': '12539062008207', 'id': '22', 'is_public': True, 'organization_id': None, 'priority': 'NORMAL', 'requester_id': '12541041488783', 'status': 'OPEN', 'subject': 'Telegram Support - @kowliep', 'submitter_id': '12541041488783', 'tags': ['telegram_support', 'telegram_user_8174074226'], 'type': 'QUESTION', 'updated_at': '2025-04-27T11:29:25Z', 'via': {'channel': 'web_service'}}, 'event': {'current': '12539082960655', 'previous': None}, 'id': '21d1dfbd-d318-4bae-881f-d8c73d397aa2', 'subject': 'zen:ticket:22', 'time': '2025-04-27T11:29:25.413035953Z', 'type': 'zen:event-type:ticket.agent_assignment_changed', 'zendesk_event_version': '2022-11-06'}
Received webhook data: {'account_id': 24951610, 'detail': {'actor_id': '12539082960655', 'assignee_id': '12539082960655', 'brand_id': '12539061997583', 'created_at': '2025-04-27T11:29:25Z', 'custom_status': '12539062003087', 'description': 'sup', 'external_id': None, 'form_id': '12539061969679', 'group_id': '12539062008207', 'id': '22', 'is_public': True, 'organization_id': None, 'priority': 'NORMAL', 'requester_id': '12541041488783', 'status': 'OPEN', 'subject': 'Telegram Support - @kowliep', 'submitter_id': '12541041488783', 'tags': ['telegram_support', 'telegram_user_8174074226'], 'type': 'QUESTION', 'updated_at': '2025-04-27T11:29:25Z', 'via': {'channel': 'web_service'}}, 'event': {'current': '12539082960655', 'previous': None}, 'id': '21d1dfbd-d318-4bae-881f-d8c73d397aa2', 'subject': 'zen:ticket:22', 'time': '2025-04-27T11:29:25.413035953Z', 'type': 'zen:event-type:ticket.agent_assignment_changed', 'zendesk_event_version': '2022-11-06'}
Found Telegram ID from user external_id: 8174074226
Skipping comment from requester
Received webhook request
Request data: {'account_id': 24951610, 'detail': {'actor_id': '-1', 'assignee_id': '12539082960655', 'brand_id': '12539061997583', 'created_at': '2025-04-27T11:29:25Z', 'custom_status': '12539062003087', 'description': 'sup', 'external_id': None, 'form_id': '12539061969679', 'group_id': '12539062008207', 'id': '22', 'is_public': True, 'organization_id': None, 'priority': 'NORMAL', 'requester_id': '12541041488783', 'status': 'OPEN', 'subject': 'Telegram Support - @kowliep', 'submitter_id': '12541041488783', 'tags': ['system_email_notification_failure', 'telegram_support', 'telegram_user_8174074226'], 'type': 'QUESTION', 'updated_at': '2025-04-27T11:29:27Z', 'via': {'channel': 'web_service'}}, 'event': {'tags_added': ['system_email_notification_failure'], 'tags_removed': []}, 'id': '94b95f68-b5ff-4977-947f-380eeb075a66', 'subject': 'zen:ticket:22', 'time': '2025-04-27T11:29:27.667109111Z', 'type': 'zen:event-type:ticket.tags_changed', 'zendesk_event_version': '2022-11-06'}
Received webhook data: {'account_id': 24951610, 'detail': {'actor_id': '-1', 'assignee_id': '12539082960655', 'brand_id': '12539061997583', 'created_at': '2025-04-27T11:29:25Z', 'custom_status': '12539062003087', 'description': 'sup', 'external_id': None, 'form_id': '12539061969679', 'group_id': '12539062008207', 'id': '22', 'is_public': True, 'organization_id': None, 'priority': 'NORMAL', 'requester_id': '12541041488783', 'status': 'OPEN', 'subject': 'Telegram Support - @kowliep', 'submitter_id': '12541041488783', 'tags': ['system_email_notification_failure', 'telegram_support', 'telegram_user_8174074226'], 'type': 'QUESTION', 'updated_at': '2025-04-27T11:29:27Z', 'via': {'channel': 'web_service'}}, 'event': {'tags_added': ['system_email_notification_failure'], 'tags_removed': []}, 'id': '94b95f68-b5ff-4977-947f-380eeb075a66', 'subject': 'zen:ticket:22', 'time': '2025-04-27T11:29:27.667109111Z', 'type': 'zen:event-type:ticket.tags_changed', 'zendesk_event_version': '2022-11-06'}
Received webhook request
Request data: {'account_id': 24951610, 'detail': {'actor_id': '12539082960655', 'assignee_id': '12539082960655', 'brand_id': '12539061997583', 'created_at': '2025-04-27T11:29:25Z', 'custom_status': '12539062003087', 'description': 'sup', 'external_id': None, 'form_id': '12539061969679', 'group_id': '12539062008207', 'id': '22', 'is_public': True, 'organization_id': None, 'priority': 'NORMAL', 'requester_id': '12541041488783', 'status': 'OPEN', 'subject': 'Telegram Support - @kowliep', 'submitter_id': '12541041488783', 'tags': ['system_email_notification_failure', 'telegram_support', 'telegram_user_8174074226'], 'type': 'QUESTION', 'updated_at': '2025-04-27T11:30:00Z', 'via': {'channel': 'web_service'}}, 'event': {'comment': {'author': {'id': '12539082960655', 'is_staff': True, 'name': 'Levi Chiew'}, 'body': '你有什么问题吗？', 'id': '12541009777423', 'is_public': True}}, 'id': 'b9bb5b0e-7b4c-43dc-a622-4661a58c7853', 'subject': 'zen:ticket:22', 'time': '2025-04-27T11:30:00.541180087Z', 'type': 'zen:event-type:ticket.comment_added', 'zendesk_event_version': '2022-11-06'}
Received webhook data: {'account_id': 24951610, 'detail': {'actor_id': '12539082960655', 'assignee_id': '12539082960655', 'brand_id': '12539061997583', 'created_at': '2025-04-27T11:29:25Z', 'custom_status': '12539062003087', 'description': 'sup', 'external_id': None, 'form_id': '12539061969679', 'group_id': '12539062008207', 'id': '22', 'is_public': True, 'organization_id': None, 'priority': 'NORMAL', 'requester_id': '12541041488783', 'status': 'OPEN', 'subject': 'Telegram Support - @kowliep', 'submitter_id': '12541041488783', 'tags': ['system_email_notification_failure', 'telegram_support', 'telegram_user_8174074226'], 'type': 'QUESTION', 'updated_at': '2025-04-27T11:30:00Z', 'via': {'channel': 'web_service'}}, 'event': {'comment': {'author': {'id': '12539082960655', 'is_staff': True, 'name': 'Levi Chiew'}, 'body': '你有什么问题吗？', 'id': '12541009777423', 'is_public': True}}, 'id': 'b9bb5b0e-7b4c-43dc-a622-4661a58c7853', 'subject': 'zen:ticket:22', 'time': '2025-04-27T11:30:00.541180087Z', 'type': 'zen:event-type:ticket.comment_added', 'zendesk_event_version': '2022-11-06'}
Processing comment added event
Processing ticket 22 with comment 12541009777423
Requester ID from ticket: 12541041488783
Found Telegram ID from user external_id: 8174074226
Attempting to send message to Telegram user 8174074226
Successfully sent message to Telegram
Received webhook request
Request data: {'account_id': 24951610, 'detail': {'actor_id': '12539082960655', 'assignee_id': '12539082960655', 'brand_id': '12539061997583', 'created_at': '2025-04-27T11:29:25Z', 'custom_status': '12539062003087', 'description': 'sup', 'external_id': None, 'form_id': '12539061969679', 'group_id': '12539062008207', 'id': '22', 'is_public': True, 'organization_id': None, 'priority': 'NORMAL', 'requester_id': '12541041488783', 'status': 'OPEN', 'subject': 'Telegram Support - @kowliep', 'submitter_id': '12541041488783', 'tags': ['system_email_notification_failure', 'telegram_support', 'telegram_user_8174074226'], 'type': 'QUESTION', 'updated_at': '2025-04-27T11:30:16Z', 'via': {'channel': 'web_service'}}, 'event': {'comment': {'author': {'id': '12541041488783', 'is_staff': False, 'name': '@kowliep'}, 'body': '我爱你', 'id': '12541010107023', 'is_public': True}}, 'id': '4c65f855-cc1a-450f-9e4e-c837d5b77d22', 'subject': 'zen:ticket:22', 'time': '2025-04-27T11:30:16.536596547Z', 'type': 'zen:event-type:ticket.comment_added', 'zendesk_event_version': '2022-11-06'}
Received webhook data: {'account_id': 24951610, 'detail': {'actor_id': '12539082960655', 'assignee_id': '12539082960655', 'brand_id': '12539061997583', 'created_at': '2025-04-27T11:29:25Z', 'custom_status': '12539062003087', 'description': 'sup', 'external_id': None, 'form_id': '12539061969679', 'group_id': '12539062008207', 'id': '22', 'is_public': True, 'organization_id': None, 'priority': 'NORMAL', 'requester_id': '12541041488783', 'status': 'OPEN', 'subject': 'Telegram Support - @kowliep', 'submitter_id': '12541041488783', 'tags': ['system_email_notification_failure', 'telegram_support', 'telegram_user_8174074226'], 'type': 'QUESTION', 'updated_at': '2025-04-27T11:30:16Z', 'via': {'channel': 'web_service'}}, 'event': {'comment': {'author': {'id': '12541041488783', 'is_staff': False, 'name': '@kowliep'}, 'body': '我爱你', 'id': '12541010107023', 'is_public': True}}, 'id': '4c65f855-cc1a-450f-9e4e-c837d5b77d22', 'subject': 'zen:ticket:22', 'time': '2025-04-27T11:30:16.536596547Z', 'type': 'zen:event-type:ticket.comment_added', 'zendesk_event_version': '2022-11-06'}
Processing comment added event
Processing ticket 22 with comment 12541010107023
Requester ID from ticket: 12541041488783
Found Telegram ID from user external_id: 8174074226
Skipping comment from requester
Received webhook request
Request data: {'account_id': 24951610, 'detail': {'actor_id': '12539082960655', 'assignee_id': '12539082960655', 'brand_id': '12539061997583', 'created_at': '2025-04-27T11:29:25Z', 'custom_status': '12539062003087', 'description': 'sup', 'external_id': None, 'form_id': '12539061969679', 'group_id': '12539062008207', 'id': '22', 'is_public': True, 'organization_id': None, 'priority': 'NORMAL', 'requester_id': '12541041488783', 'status': 'OPEN', 'subject': 'Telegram Support - @kowliep', 'submitter_id': '12541041488783', 'tags': ['system_email_notification_failure', 'telegram_support', 'telegram_user_8174074226'], 'type': 'QUESTION', 'updated_at': '2025-04-27T11:30:27Z', 'via': {'channel': 'web_service'}}, 'event': {'comment': {'author': {'id': '12539082960655', 'is_staff': True, 'name': 'Levi Chiew'}, 'body': '啥玩意？', 'id': '12541030145295', 'is_public': True}}, 'id': '7648d7a9-77e7-4f14-b9af-a48409b922ed', 'subject': 'zen:ticket:22', 'time': '2025-04-27T11:30:27.879804633Z', 'type': 'zen:event-type:ticket.comment_added', 'zendesk_event_version': '2022-11-06'}
Received webhook data: {'account_id': 24951610, 'detail': {'actor_id': '12539082960655', 'assignee_id': '12539082960655', 'brand_id': '12539061997583', 'created_at': '2025-04-27T11:29:25Z', 'custom_status': '12539062003087', 'description': 'sup', 'external_id': None, 'form_id': '12539061969679', 'group_id': '12539062008207', 'id': '22', 'is_public': True, 'organization_id': None, 'priority': 'NORMAL', 'requester_id': '12541041488783', 'status': 'OPEN', 'subject': 'Telegram Support - @kowliep', 'submitter_id': '12541041488783', 'tags': ['system_email_notification_failure', 'telegram_support', 'telegram_user_8174074226'], 'type': 'QUESTION', 'updated_at': '2025-04-27T11:30:27Z', 'via': {'channel': 'web_service'}}, 'event': {'comment': {'author': {'id': '12539082960655', 'is_staff': True, 'name': 'Levi Chiew'}, 'body': '啥玩意？', 'id': '12541030145295', 'is_public': True}}, 'id': '7648d7a9-77e7-4f14-b9af-a48409b922ed', 'subject': 'zen:ticket:22', 'time': '2025-04-27T11:30:27.879804633Z', 'type': 'zen:event-type:ticket.comment_added', 'zendesk_event_version': '2022-11-06'}
Processing comment added event
Processing ticket 22 with comment 12541030145295
Requester ID from ticket: 12541041488783
Found Telegram ID from user external_id: 8174074226
Attempting to send message to Telegram user 8174074226
Successfully sent message to Telegram
Received webhook request
Request data: {'account_id': 24951610, 'detail': {'actor_id': '12539082960655', 'assignee_id': '12539082960655', 'brand_id': '12539061997583', 'created_at': '2025-04-27T11:29:25Z', 'custom_status': '12539062003087', 'description': 'sup', 'external_id': None, 'form_id': '12539061969679', 'group_id': '12539062008207', 'id': '22', 'is_public': True, 'organization_id': None, 'priority': 'NORMAL', 'requester_id': '12541041488783', 'status': 'OPEN', 'subject': 'Telegram Support - @kowliep', 'submitter_id': '12541041488783', 'tags': ['system_email_notification_failure', 'telegram_support', 'telegram_user_8174074226'], 'type': 'QUESTION', 'updated_at': '2025-04-27T11:30:49Z', 'via': {'channel': 'web_service'}}, 'event': {'comment': {'author': {'id': '12541041488783', 'is_staff': False, 'name': '@kowliep'}, 'body': '我是中本聪', 'id': '12541030411919', 'is_public': True}}, 'id': 'a7bde273-4b6b-46ee-a664-1790dc9c7ed2', 'subject': 'zen:ticket:22', 'time': '2025-04-27T11:30:49.362251690Z', 'type': 'zen:event-type:ticket.comment_added', 'zendesk_event_version': '2022-11-06'}
Received webhook data: {'account_id': 24951610, 'detail': {'actor_id': '12539082960655', 'assignee_id': '12539082960655', 'brand_id': '12539061997583', 'created_at': '2025-04-27T11:29:25Z', 'custom_status': '12539062003087', 'description': 'sup', 'external_id': None, 'form_id': '12539061969679', 'group_id': '12539062008207', 'id': '22', 'is_public': True, 'organization_id': None, 'priority': 'NORMAL', 'requester_id': '12541041488783', 'status': 'OPEN', 'subject': 'Telegram Support - @kowliep', 'submitter_id': '12541041488783', 'tags': ['system_email_notification_failure', 'telegram_support', 'telegram_user_8174074226'], 'type': 'QUESTION', 'updated_at': '2025-04-27T11:30:49Z', 'via': {'channel': 'web_service'}}, 'event': {'comment': {'author': {'id': '12541041488783', 'is_staff': False, 'name': '@kowliep'}, 'body': '我是中本聪', 'id': '12541030411919', 'is_public': True}}, 'id': 'a7bde273-4b6b-46ee-a664-1790dc9c7ed2', 'subject': 'zen:ticket:22', 'time': '2025-04-27T11:30:49.362251690Z', 'type': 'zen:event-type:ticket.comment_added', 'zendesk_event_version': '2022-11-06'}
Processing comment added event
Processing ticket 22 with comment 12541030411919
Requester ID from ticket: 12541041488783
Found Telegram ID from user external_id: 8174074226
Skipping comment from requester
Received webhook request
Request data: {'account_id': 24951610, 'detail': {'actor_id': '12539082960655', 'assignee_id': '12539082960655', 'brand_id': '12539061997583', 'created_at': '2025-04-27T11:29:25Z', 'custom_status': '12539062003087', 'description': 'sup', 'external_id': None, 'form_id': '12539061969679', 'group_id': '12539062008207', 'id': '22', 'is_public': True, 'organization_id': None, 'priority': 'NORMAL', 'requester_id': '12541041488783', 'status': 'OPEN', 'subject': 'Telegram Support - @kowliep', 'submitter_id': '12541041488783', 'tags': ['system_email_notification_failure', 'telegram_support', 'telegram_user_8174074226'], 'type': 'QUESTION', 'updated_at': '2025-04-27T11:30:57Z', 'via': {'channel': 'web_service'}}, 'event': {'comment': {'author': {'id': '12541041488783', 'is_staff': False, 'name': '@kowliep'}, 'body': 'okk', 'id': '12541042468623', 'is_public': True}}, 'id': '67c5e40d-ac77-4b3c-a142-54531e195f78', 'subject': 'zen:ticket:22', 'time': '2025-04-27T11:30:57.548263986Z', 'type': 'zen:event-type:ticket.comment_added', 'zendesk_event_version': '2022-11-06'}
Received webhook data: {'account_id': 24951610, 'detail': {'actor_id': '12539082960655', 'assignee_id': '12539082960655', 'brand_id': '12539061997583', 'created_at': '2025-04-27T11:29:25Z', 'custom_status': '12539062003087', 'description': 'sup', 'external_id': None, 'form_id': '12539061969679', 'group_id': '12539062008207', 'id': '22', 'is_public': True, 'organization_id': None, 'priority': 'NORMAL', 'requester_id': '12541041488783', 'status': 'OPEN', 'subject': 'Telegram Support - @kowliep', 'submitter_id': '12541041488783', 'tags': ['system_email_notification_failure', 'telegram_support', 'telegram_user_8174074226'], 'type': 'QUESTION', 'updated_at': '2025-04-27T11:30:57Z', 'via': {'channel': 'web_service'}}, 'event': {'comment': {'author': {'id': '12541041488783', 'is_staff': False, 'name': '@kowliep'}, 'body': 'okk', 'id': '12541042468623', 'is_public': True}}, 'id': '67c5e40d-ac77-4b3c-a142-54531e195f78', 'subject': 'zen:ticket:22', 'time': '2025-04-27T11:30:57.548263986Z', 'type': 'zen:event-type:ticket.comment_added', 'zendesk_event_version': '2022-11-06'}
Processing comment added event
Processing ticket 22 with comment 12541042468623
Requester ID from ticket: 12541041488783
Found Telegram ID from user external_id: 8174074226
Skipping comment from requester
Received webhook request
Request data: {'account_id': 24951610, 'detail': {'actor_id': '12539082960655', 'assignee_id': '12539082960655', 'brand_id': '12539061997583', 'created_at': '2025-04-27T11:29:25Z', 'custom_status': '12539062007311', 'description': 'sup', 'external_id': None, 'form_id': '12539061969679', 'group_id': '12539062008207', 'id': '22', 'is_public': True, 'organization_id': None, 'priority': 'NORMAL', 'requester_id': '12541041488783', 'status': 'CLOSED', 'subject': 'Telegram Support - @kowliep', 'submitter_id': '12541041488783', 'tags': ['system_email_notification_failure', 'telegram_support', 'telegram_user_8174074226'], 'type': 'QUESTION', 'updated_at': '2025-04-27T11:31:44Z', 'via': {'channel': 'web_service'}}, 'event': {'current': '12539062007311', 'previous': '12539062003087'}, 'id': 'bf572362-4512-42b8-ab9d-dd4dc0802678', 'subject': 'zen:ticket:22', 'time': '2025-04-27T11:31:44.312955180Z', 'type': 'zen:event-type:ticket.custom_status_changed', 'zendesk_event_version': '2022-11-06'}
Received webhook data: {'account_id': 24951610, 'detail': {'actor_id': '12539082960655', 'assignee_id': '12539082960655', 'brand_id': '12539061997583', 'created_at': '2025-04-27T11:29:25Z', 'custom_status': '12539062007311', 'description': 'sup', 'external_id': None, 'form_id': '12539061969679', 'group_id': '12539062008207', 'id': '22', 'is_public': True, 'organization_id': None, 'priority': 'NORMAL', 'requester_id': '12541041488783', 'status': 'CLOSED', 'subject': 'Telegram Support - @kowliep', 'submitter_id': '12541041488783', 'tags': ['system_email_notification_failure', 'telegram_support', 'telegram_user_8174074226'], 'type': 'QUESTION', 'updated_at': '2025-04-27T11:31:44Z', 'via': {'channel': 'web_service'}}, 'event': {'current': '12539062007311', 'previous': '12539062003087'}, 'id': 'bf572362-4512-42b8-ab9d-dd4dc0802678', 'subject': 'zen:ticket:22', 'time': '2025-04-27T11:31:44.312955180Z', 'type': 'zen:event-type:ticket.custom_status_changed', 'zendesk_event_version': '2022-11-06'}
Received webhook request
Request data: {'account_id': 24951610, 'detail': {'actor_id': '12539082960655', 'assignee_id': '12539082960655', 'brand_id': '12539061997583', 'created_at': '2025-04-27T11:29:25Z', 'custom_status': '12539062007311', 'description': 'sup', 'external_id': None, 'form_id': '12539061969679', 'group_id': '12539062008207', 'id': '22', 'is_public': True, 'organization_id': None, 'priority': 'NORMAL', 'requester_id': '12541041488783', 'status': 'CLOSED', 'subject': 'Telegram Support - @kowliep', 'submitter_id': '12541041488783', 'tags': ['system_email_notification_failure', 'telegram_support', 'telegram_user_8174074226'], 'type': 'QUESTION', 'updated_at': '2025-04-27T11:31:44Z', 'via': {'channel': 'web_service'}}, 'event': {'current': 'CLOSED', 'previous': 'OPEN'}, 'id': 'c6140ceb-54f6-4a0f-a3a2-63e3d5a80d38', 'subject': 'zen:ticket:22', 'time': '2025-04-27T11:31:44.312955180Z', 'type': 'zen:event-type:ticket.status_changed', 'zendesk_event_version': '2022-11-06'}
Received webhook data: {'account_id': 24951610, 'detail': {'actor_id': '12539082960655', 'assignee_id': '12539082960655', 'brand_id': '12539061997583', 'created_at': '2025-04-27T11:29:25Z', 'custom_status': '12539062007311', 'description': 'sup', 'external_id': None, 'form_id': '12539061969679', 'group_id': '12539062008207', 'id': '22', 'is_public': True, 'organization_id': None, 'priority': 'NORMAL', 'requester_id': '12541041488783', 'status': 'CLOSED', 'subject': 'Telegram Support - @kowliep', 'submitter_id': '12541041488783', 'tags': ['system_email_notification_failure', 'telegram_support', 'telegram_user_8174074226'], 'type': 'QUESTION', 'updated_at': '2025-04-27T11:31:44Z', 'via': {'channel': 'web_service'}}, 'event': {'current': 'CLOSED', 'previous': 'OPEN'}, 'id': 'c6140ceb-54f6-4a0f-a3a2-63e3d5a80d38', 'subject': 'zen:ticket:22', 'time': '2025-04-27T11:31:44.312955180Z', 'type': 'zen:event-type:ticket.status_changed', 'zendesk_event_version': '2022-11-06'}
Received webhook request
Request data: {'account_id': 24951610, 'detail': {'actor_id': '12539082960655', 'assignee_id': '12539082960655', 'brand_id': '12539061997583', 'created_at': '2025-04-27T11:31:51Z', 'custom_status': '12539062003087', 'description': '停停停', 'external_id': None, 'form_id': '12539061969679', 'group_id': '12539062008207', 'id': '23', 'is_public': True, 'organization_id': None, 'priority': 'NORMAL', 'requester_id': '12541041488783', 'status': 'OPEN', 'subject': 'Telegram Support - @kowliep', 'submitter_id': '12541041488783', 'tags': ['telegram_support', 'telegram_user_8174074226'], 'type': 'QUESTION', 'updated_at': '2025-04-27T11:31:51Z', 'via': {'channel': 'web_service'}}, 'event': {'current': 'NORMAL', 'previous': None}, 'id': 'b5477c62-91f0-4287-86cd-f2c849d6de42', 'subject': 'zen:ticket:23', 'time': '2025-04-27T11:31:51.609942706Z', 'type': 'zen:event-type:ticket.priority_changed', 'zendesk_event_version': '2022-11-06'}
Received webhook data: {'account_id': 24951610, 'detail': {'actor_id': '12539082960655', 'assignee_id': '12539082960655', 'brand_id': '12539061997583', 'created_at': '2025-04-27T11:31:51Z', 'custom_status': '12539062003087', 'description': '停停停', 'external_id': None, 'form_id': '12539061969679', 'group_id': '12539062008207', 'id': '23', 'is_public': True, 'organization_id': None, 'priority': 'NORMAL', 'requester_id': '12541041488783', 'status': 'OPEN', 'subject': 'Telegram Support - @kowliep', 'submitter_id': '12541041488783', 'tags': ['telegram_support', 'telegram_user_8174074226'], 'type': 'QUESTION', 'updated_at': '2025-04-27T11:31:51Z', 'via': {'channel': 'web_service'}}, 'event': {'current': 'NORMAL', 'previous': None}, 'id': 'b5477c62-91f0-4287-86cd-f2c849d6de42', 'subject': 'zen:ticket:23', 'time': '2025-04-27T11:31:51.609942706Z', 'type': 'zen:event-type:ticket.priority_changed', 'zendesk_event_version': '2022-11-06'}
Received webhook request
Request data: {'account_id': 24951610, 'detail': {'actor_id': '12539082960655', 'assignee_id': '12539082960655', 'brand_id': '12539061997583', 'created_at': '2025-04-27T11:31:51Z', 'custom_status': '12539062003087', 'description': '停停停', 'external_id': None, 'form_id': '12539061969679', 'group_id': '12539062008207', 'id': '23', 'is_public': True, 'organization_id': None, 'priority': 'NORMAL', 'requester_id': '12541041488783', 'status': 'OPEN', 'subject': 'Telegram Support - @kowliep', 'submitter_id': '12541041488783', 'tags': ['telegram_support', 'telegram_user_8174074226'], 'type': 'QUESTION', 'updated_at': '2025-04-27T11:31:51Z', 'via': {'channel': 'web_service'}}, 'event': {'current': 'Telegram Support - @kowliep', 'previous': None}, 'id': '1b3218af-6253-4f8d-8e59-42f35207f50b', 'subject': 'zen:ticket:23', 'time': '2025-04-27T11:31:51.609942706Z', 'type': 'zen:event-type:ticket.subject_changed', 'zendesk_event_version': '2022-11-06'}
Received webhook request
Received webhook request
Received webhook request
Received webhook data: {'account_id': 24951610, 'detail': {'actor_id': '12539082960655', 'assignee_id': '12539082960655', 'brand_id': '12539061997583', 'created_at': '2025-04-27T11:31:51Z', 'custom_status': '12539062003087', 'description': '停停停', 'external_id': None, 'form_id': '12539061969679', 'group_id': '12539062008207', 'id': '23', 'is_public': True, 'organization_id': None, 'priority': 'NORMAL', 'requester_id': '12541041488783', 'status': 'OPEN', 'subject': 'Telegram Support - @kowliep', 'submitter_id': '12541041488783', 'tags': ['telegram_support', 'telegram_user_8174074226'], 'type': 'QUESTION', 'updated_at': '2025-04-27T11:31:51Z', 'via': {'channel': 'web_service'}}, 'event': {'current': 'Telegram Support - @kowliep', 'previous': None}, 'id': '1b3218af-6253-4f8d-8e59-42f35207f50b', 'subject': 'zen:ticket:23', 'time': '2025-04-27T11:31:51.609942706Z', 'type': 'zen:event-type:ticket.subject_changed', 'zendesk_event_version': '2022-11-06'}
Received webhook request
Request data: {'account_id': 24951610, 'detail': {'actor_id': '12539082960655', 'assignee_id': '12539082960655', 'brand_id': '12539061997583', 'created_at': '2025-04-27T11:31:51Z', 'custom_status': '12539062003087', 'description': '停停停', 'external_id': None, 'form_id': '12539061969679', 'group_id': '12539062008207', 'id': '23', 'is_public': True, 'organization_id': None, 'priority': 'NORMAL', 'requester_id': '12541041488783', 'status': 'OPEN', 'subject': 'Telegram Support - @kowliep', 'submitter_id': '12541041488783', 'tags': ['telegram_support', 'telegram_user_8174074226'], 'type': 'QUESTION', 'updated_at': '2025-04-27T11:31:51Z', 'via': {'channel': 'web_service'}}, 'event': {}, 'id': '8b72e0b3-a704-4332-90b3-7485aa198c59', 'subject': 'zen:ticket:23', 'time': '2025-04-27T11:31:51.609942706Z', 'type': 'zen:event-type:ticket.created', 'zendesk_event_version': '2022-11-06'}
Received webhook request
Request data: {'account_id': 24951610, 'detail': {'actor_id': '12539082960655', 'assignee_id': '12539082960655', 'brand_id': '12539061997583', 'created_at': '2025-04-27T11:31:51Z', 'custom_status': '12539062003087', 'description': '停停停', 'external_id': None, 'form_id': '12539061969679', 'group_id': '12539062008207', 'id': '23', 'is_public': True, 'organization_id': None, 'priority': 'NORMAL', 'requester_id': '12541041488783', 'status': 'OPEN', 'subject': 'Telegram Support - @kowliep', 'submitter_id': '12541041488783', 'tags': ['telegram_support', 'telegram_user_8174074226'], 'type': 'QUESTION', 'updated_at': '2025-04-27T11:31:51Z', 'via': {'channel': 'web_service'}}, 'event': {'current': '12539062003087', 'previous': None}, 'id': '2a47939f-066f-4801-a58a-1d8b415a6a70', 'subject': 'zen:ticket:23', 'time': '2025-04-27T11:31:51.609942706Z', 'type': 'zen:event-type:ticket.custom_status_changed', 'zendesk_event_version': '2022-11-06'}
Request data: {'account_id': 24951610, 'detail': {'actor_id': '12539082960655', 'assignee_id': '12539082960655', 'brand_id': '12539061997583', 'created_at': '2025-04-27T11:31:51Z', 'custom_status': '12539062003087', 'description': '停停停', 'external_id': None, 'form_id': '12539061969679', 'group_id': '12539062008207', 'id': '23', 'is_public': True, 'organization_id': None, 'priority': 'NORMAL', 'requester_id': '12541041488783', 'status': 'OPEN', 'subject': 'Telegram Support - @kowliep', 'submitter_id': '12541041488783', 'tags': ['telegram_support', 'telegram_user_8174074226'], 'type': 'QUESTION', 'updated_at': '2025-04-27T11:31:51Z', 'via': {'channel': 'web_service'}}, 'event': {'current': '12539061969679', 'previous': None}, 'id': 'b268d0f9-6e8c-4c01-a254-5b6656baff42', 'subject': 'zen:ticket:23', 'time': '2025-04-27T11:31:51.609942706Z', 'type': 'zen:event-type:ticket.form_changed', 'zendesk_event_version': '2022-11-06'}
Request data: {'account_id': 24951610, 'detail': {'actor_id': '12539082960655', 'assignee_id': '12539082960655', 'brand_id': '12539061997583', 'created_at': '2025-04-27T11:31:51Z', 'custom_status': '12539062003087', 'description': '停停停', 'external_id': None, 'form_id': '12539061969679', 'group_id': '12539062008207', 'id': '23', 'is_public': True, 'organization_id': None, 'priority': 'NORMAL', 'requester_id': '12541041488783', 'status': 'OPEN', 'subject': 'Telegram Support - @kowliep', 'submitter_id': '12541041488783', 'tags': ['telegram_support', 'telegram_user_8174074226'], 'type': 'QUESTION', 'updated_at': '2025-04-27T11:31:51Z', 'via': {'channel': 'web_service'}}, 'event': {'current': 'OPEN', 'previous': 'NEW'}, 'id': '5c5bea88-ebcf-45b3-b63d-71dba0249510', 'subject': 'zen:ticket:23', 'time': '2025-04-27T11:31:51.609942706Z', 'type': 'zen:event-type:ticket.status_changed', 'zendesk_event_version': '2022-11-06'}
Received webhook data: {'account_id': 24951610, 'detail': {'actor_id': '12539082960655', 'assignee_id': '12539082960655', 'brand_id': '12539061997583', 'created_at': '2025-04-27T11:31:51Z', 'custom_status': '12539062003087', 'description': '停停停', 'external_id': None, 'form_id': '12539061969679', 'group_id': '12539062008207', 'id': '23', 'is_public': True, 'organization_id': None, 'priority': 'NORMAL', 'requester_id': '12541041488783', 'status': 'OPEN', 'subject': 'Telegram Support - @kowliep', 'submitter_id': '12541041488783', 'tags': ['telegram_support', 'telegram_user_8174074226'], 'type': 'QUESTION', 'updated_at': '2025-04-27T11:31:51Z', 'via': {'channel': 'web_service'}}, 'event': {}, 'id': '8b72e0b3-a704-4332-90b3-7485aa198c59', 'subject': 'zen:ticket:23', 'time': '2025-04-27T11:31:51.609942706Z', 'type': 'zen:event-type:ticket.created', 'zendesk_event_version': '2022-11-06'}
Request data: {'account_id': 24951610, 'detail': {'actor_id': '12539082960655', 'assignee_id': '12539082960655', 'brand_id': '12539061997583', 'created_at': '2025-04-27T11:31:51Z', 'custom_status': '12539062003087', 'description': '停停停', 'external_id': None, 'form_id': '12539061969679', 'group_id': '12539062008207', 'id': '23', 'is_public': True, 'organization_id': None, 'priority': 'NORMAL', 'requester_id': '12541041488783', 'status': 'OPEN', 'subject': 'Telegram Support - @kowliep', 'submitter_id': '12541041488783', 'tags': ['telegram_support', 'telegram_user_8174074226'], 'type': 'QUESTION', 'updated_at': '2025-04-27T11:31:51Z', 'via': {'channel': 'web_service'}}, 'event': {'comment': {'author': {'id': '12541041488783', 'is_staff': False, 'name': '@kowliep'}, 'body': '停停停', 'id': '12541061541519', 'is_public': True}}, 'id': '21530678-cced-498f-9981-a58a2b9641c5', 'subject': 'zen:ticket:23', 'time': '2025-04-27T11:31:51.609942706Z', 'type': 'zen:event-type:ticket.comment_added', 'zendesk_event_version': '2022-11-06'}
Received webhook data: {'account_id': 24951610, 'detail': {'actor_id': '12539082960655', 'assignee_id': '12539082960655', 'brand_id': '12539061997583', 'created_at': '2025-04-27T11:31:51Z', 'custom_status': '12539062003087', 'description': '停停停', 'external_id': None, 'form_id': '12539061969679', 'group_id': '12539062008207', 'id': '23', 'is_public': True, 'organization_id': None, 'priority': 'NORMAL', 'requester_id': '12541041488783', 'status': 'OPEN', 'subject': 'Telegram Support - @kowliep', 'submitter_id': '12541041488783', 'tags': ['telegram_support', 'telegram_user_8174074226'], 'type': 'QUESTION', 'updated_at': '2025-04-27T11:31:51Z', 'via': {'channel': 'web_service'}}, 'event': {'current': '12539062003087', 'previous': None}, 'id': '2a47939f-066f-4801-a58a-1d8b415a6a70', 'subject': 'zen:ticket:23', 'time': '2025-04-27T11:31:51.609942706Z', 'type': 'zen:event-type:ticket.custom_status_changed', 'zendesk_event_version': '2022-11-06'}
Received webhook data: {'account_id': 24951610, 'detail': {'actor_id': '12539082960655', 'assignee_id': '12539082960655', 'brand_id': '12539061997583', 'created_at': '2025-04-27T11:31:51Z', 'custom_status': '12539062003087', 'description': '停停停', 'external_id': None, 'form_id': '12539061969679', 'group_id': '12539062008207', 'id': '23', 'is_public': True, 'organization_id': None, 'priority': 'NORMAL', 'requester_id': '12541041488783', 'status': 'OPEN', 'subject': 'Telegram Support - @kowliep', 'submitter_id': '12541041488783', 'tags': ['telegram_support', 'telegram_user_8174074226'], 'type': 'QUESTION', 'updated_at': '2025-04-27T11:31:51Z', 'via': {'channel': 'web_service'}}, 'event': {'current': '12539061969679', 'previous': None}, 'id': 'b268d0f9-6e8c-4c01-a254-5b6656baff42', 'subject': 'zen:ticket:23', 'time': '2025-04-27T11:31:51.609942706Z', 'type': 'zen:event-type:ticket.form_changed', 'zendesk_event_version': '2022-11-06'}
Received webhook data: {'account_id': 24951610, 'detail': {'actor_id': '12539082960655', 'assignee_id': '12539082960655', 'brand_id': '12539061997583', 'created_at': '2025-04-27T11:31:51Z', 'custom_status': '12539062003087', 'description': '停停停', 'external_id': None, 'form_id': '12539061969679', 'group_id': '12539062008207', 'id': '23', 'is_public': True, 'organization_id': None, 'priority': 'NORMAL', 'requester_id': '12541041488783', 'status': 'OPEN', 'subject': 'Telegram Support - @kowliep', 'submitter_id': '12541041488783', 'tags': ['telegram_support', 'telegram_user_8174074226'], 'type': 'QUESTION', 'updated_at': '2025-04-27T11:31:51Z', 'via': {'channel': 'web_service'}}, 'event': {'current': 'OPEN', 'previous': 'NEW'}, 'id': '5c5bea88-ebcf-45b3-b63d-71dba0249510', 'subject': 'zen:ticket:23', 'time': '2025-04-27T11:31:51.609942706Z', 'type': 'zen:event-type:ticket.status_changed', 'zendesk_event_version': '2022-11-06'}
Received webhook data: {'account_id': 24951610, 'detail': {'actor_id': '12539082960655', 'assignee_id': '12539082960655', 'brand_id': '12539061997583', 'created_at': '2025-04-27T11:31:51Z', 'custom_status': '12539062003087', 'description': '停停停', 'external_id': None, 'form_id': '12539061969679', 'group_id': '12539062008207', 'id': '23', 'is_public': True, 'organization_id': None, 'priority': 'NORMAL', 'requester_id': '12541041488783', 'status': 'OPEN', 'subject': 'Telegram Support - @kowliep', 'submitter_id': '12541041488783', 'tags': ['telegram_support', 'telegram_user_8174074226'], 'type': 'QUESTION', 'updated_at': '2025-04-27T11:31:51Z', 'via': {'channel': 'web_service'}}, 'event': {'comment': {'author': {'id': '12541041488783', 'is_staff': False, 'name': '@kowliep'}, 'body': '停停停', 'id': '12541061541519', 'is_public': True}}, 'id': '21530678-cced-498f-9981-a58a2b9641c5', 'subject': 'zen:ticket:23', 'time': '2025-04-27T11:31:51.609942706Z', 'type': 'zen:event-type:ticket.comment_added', 'zendesk_event_version': '2022-11-06'}
Processing comment added event
Processing ticket 23 with comment 12541061541519
Requester ID from ticket: 12541041488783
Received webhook request
Request data: {'account_id': 24951610, 'detail': {'actor_id': '12539082960655', 'assignee_id': '12539082960655', 'brand_id': '12539061997583', 'created_at': '2025-04-27T11:31:51Z', 'custom_status': '12539062003087', 'description': '停停停', 'external_id': None, 'form_id': '12539061969679', 'group_id': '12539062008207', 'id': '23', 'is_public': True, 'organization_id': None, 'priority': 'NORMAL', 'requester_id': '12541041488783', 'status': 'OPEN', 'subject': 'Telegram Support - @kowliep', 'submitter_id': '12541041488783', 'tags': ['telegram_support', 'telegram_user_8174074226'], 'type': 'QUESTION', 'updated_at': '2025-04-27T11:31:51Z', 'via': {'channel': 'web_service'}}, 'event': {'current': '12541041488783', 'previous': None}, 'id': '8cec9f8b-660b-4712-8300-2fd6f4024aab', 'subject': 'zen:ticket:23', 'time': '2025-04-27T11:31:51.609942706Z', 'type': 'zen:event-type:ticket.requester_changed', 'zendesk_event_version': '2022-11-06'}
Received webhook request
Received webhook request
Received webhook data: {'account_id': 24951610, 'detail': {'actor_id': '12539082960655', 'assignee_id': '12539082960655', 'brand_id': '12539061997583', 'created_at': '2025-04-27T11:31:51Z', 'custom_status': '12539062003087', 'description': '停停停', 'external_id': None, 'form_id': '12539061969679', 'group_id': '12539062008207', 'id': '23', 'is_public': True, 'organization_id': None, 'priority': 'NORMAL', 'requester_id': '12541041488783', 'status': 'OPEN', 'subject': 'Telegram Support - @kowliep', 'submitter_id': '12541041488783', 'tags': ['telegram_support', 'telegram_user_8174074226'], 'type': 'QUESTION', 'updated_at': '2025-04-27T11:31:51Z', 'via': {'channel': 'web_service'}}, 'event': {'current': '12541041488783', 'previous': None}, 'id': '8cec9f8b-660b-4712-8300-2fd6f4024aab', 'subject': 'zen:ticket:23', 'time': '2025-04-27T11:31:51.609942706Z', 'type': 'zen:event-type:ticket.requester_changed', 'zendesk_event_version': '2022-11-06'}
Received webhook request
Request data: {'account_id': 24951610, 'detail': {'actor_id': '12539082960655', 'assignee_id': '12539082960655', 'brand_id': '12539061997583', 'created_at': '2025-04-27T11:31:51Z', 'custom_status': '12539062003087', 'description': '停停停', 'external_id': None, 'form_id': '12539061969679', 'group_id': '12539062008207', 'id': '23', 'is_public': True, 'organization_id': None, 'priority': 'NORMAL', 'requester_id': '12541041488783', 'status': 'OPEN', 'subject': 'Telegram Support - @kowliep', 'submitter_id': '12541041488783', 'tags': ['telegram_support', 'telegram_user_8174074226'], 'type': 'QUESTION', 'updated_at': '2025-04-27T11:31:51Z', 'via': {'channel': 'web_service'}}, 'event': {'current': '12541041488783', 'previous': None}, 'id': '574b61c7-4445-43f0-b962-e50162c137cd', 'subject': 'zen:ticket:23', 'time': '2025-04-27T11:31:51.609942706Z', 'type': 'zen:event-type:ticket.submitter_changed', 'zendesk_event_version': '2022-11-06'}
Received webhook request
Received webhook request
Request data: {'account_id': 24951610, 'detail': {'actor_id': '12539082960655', 'assignee_id': '12539082960655', 'brand_id': '12539061997583', 'created_at': '2025-04-27T11:31:51Z', 'custom_status': '12539062003087', 'description': '停停停', 'external_id': None, 'form_id': '12539061969679', 'group_id': '12539062008207', 'id': '23', 'is_public': True, 'organization_id': None, 'priority': 'NORMAL', 'requester_id': '12541041488783', 'status': 'OPEN', 'subject': 'Telegram Support - @kowliep', 'submitter_id': '12541041488783', 'tags': ['telegram_support', 'telegram_user_8174074226'], 'type': 'QUESTION', 'updated_at': '2025-04-27T11:31:51Z', 'via': {'channel': 'web_service'}}, 'event': {'current': 'QUESTION', 'previous': None}, 'id': 'f711619f-e050-40fb-a19a-5c003d3f163a', 'subject': 'zen:ticket:23', 'time': '2025-04-27T11:31:51.609942706Z', 'type': 'zen:event-type:ticket.type_changed', 'zendesk_event_version': '2022-11-06'}
Request data: {'account_id': 24951610, 'detail': {'actor_id': '12539082960655', 'assignee_id': '12539082960655', 'brand_id': '12539061997583', 'created_at': '2025-04-27T11:31:51Z', 'custom_status': '12539062003087', 'description': '停停停', 'external_id': None, 'form_id': '12539061969679', 'group_id': '12539062008207', 'id': '23', 'is_public': True, 'organization_id': None, 'priority': 'NORMAL', 'requester_id': '12541041488783', 'status': 'OPEN', 'subject': 'Telegram Support - @kowliep', 'submitter_id': '12541041488783', 'tags': ['telegram_support', 'telegram_user_8174074226'], 'type': 'QUESTION', 'updated_at': '2025-04-27T11:31:51Z', 'via': {'channel': 'web_service'}}, 'event': {'current': '停停停', 'previous': None}, 'id': '95c26192-a5c0-4289-9c66-81bc7dd5c024', 'subject': 'zen:ticket:23', 'time': '2025-04-27T11:31:51.609942706Z', 'type': 'zen:event-type:ticket.description_changed', 'zendesk_event_version': '2022-11-06'}
Received webhook data: {'account_id': 24951610, 'detail': {'actor_id': '12539082960655', 'assignee_id': '12539082960655', 'brand_id': '12539061997583', 'created_at': '2025-04-27T11:31:51Z', 'custom_status': '12539062003087', 'description': '停停停', 'external_id': None, 'form_id': '12539061969679', 'group_id': '12539062008207', 'id': '23', 'is_public': True, 'organization_id': None, 'priority': 'NORMAL', 'requester_id': '12541041488783', 'status': 'OPEN', 'subject': 'Telegram Support - @kowliep', 'submitter_id': '12541041488783', 'tags': ['telegram_support', 'telegram_user_8174074226'], 'type': 'QUESTION', 'updated_at': '2025-04-27T11:31:51Z', 'via': {'channel': 'web_service'}}, 'event': {'current': '12541041488783', 'previous': None}, 'id': '574b61c7-4445-43f0-b962-e50162c137cd', 'subject': 'zen:ticket:23', 'time': '2025-04-27T11:31:51.609942706Z', 'type': 'zen:event-type:ticket.submitter_changed', 'zendesk_event_version': '2022-11-06'}
Request data: {'account_id': 24951610, 'detail': {'actor_id': '12539082960655', 'assignee_id': '12539082960655', 'brand_id': '12539061997583', 'created_at': '2025-04-27T11:31:51Z', 'custom_status': '12539062003087', 'description': '停停停', 'external_id': None, 'form_id': '12539061969679', 'group_id': '12539062008207', 'id': '23', 'is_public': True, 'organization_id': None, 'priority': 'NORMAL', 'requester_id': '12541041488783', 'status': 'OPEN', 'subject': 'Telegram Support - @kowliep', 'submitter_id': '12541041488783', 'tags': ['telegram_support', 'telegram_user_8174074226'], 'type': 'QUESTION', 'updated_at': '2025-04-27T11:31:51Z', 'via': {'channel': 'web_service'}}, 'event': {'current': '12539061997583', 'previous': None}, 'id': 'e528ea9e-28c6-465e-b4b9-e004f3e0a776', 'subject': 'zen:ticket:23', 'time': '2025-04-27T11:31:51.609942706Z', 'type': 'zen:event-type:ticket.brand_changed', 'zendesk_event_version': '2022-11-06'}
Request data: {'account_id': 24951610, 'detail': {'actor_id': '12539082960655', 'assignee_id': '12539082960655', 'brand_id': '12539061997583', 'created_at': '2025-04-27T11:31:51Z', 'custom_status': '12539062003087', 'description': '停停停', 'external_id': None, 'form_id': '12539061969679', 'group_id': '12539062008207', 'id': '23', 'is_public': True, 'organization_id': None, 'priority': 'NORMAL', 'requester_id': '12541041488783', 'status': 'OPEN', 'subject': 'Telegram Support - @kowliep', 'submitter_id': '12541041488783', 'tags': ['telegram_support', 'telegram_user_8174074226'], 'type': 'QUESTION', 'updated_at': '2025-04-27T11:31:51Z', 'via': {'channel': 'web_service'}}, 'event': {'current': '12539083047311', 'previous': None}, 'id': '7183e2b7-2041-4f5b-ad2f-591881fcfd53', 'subject': 'zen:ticket:23', 'time': '2025-04-27T11:31:51.609942706Z', 'type': 'zen:event-type:ticket.sla_policy_changed', 'zendesk_event_version': '2022-11-06'}
Received webhook data: {'account_id': 24951610, 'detail': {'actor_id': '12539082960655', 'assignee_id': '12539082960655', 'brand_id': '12539061997583', 'created_at': '2025-04-27T11:31:51Z', 'custom_status': '12539062003087', 'description': '停停停', 'external_id': None, 'form_id': '12539061969679', 'group_id': '12539062008207', 'id': '23', 'is_public': True, 'organization_id': None, 'priority': 'NORMAL', 'requester_id': '12541041488783', 'status': 'OPEN', 'subject': 'Telegram Support - @kowliep', 'submitter_id': '12541041488783', 'tags': ['telegram_support', 'telegram_user_8174074226'], 'type': 'QUESTION', 'updated_at': '2025-04-27T11:31:51Z', 'via': {'channel': 'web_service'}}, 'event': {'current': 'QUESTION', 'previous': None}, 'id': 'f711619f-e050-40fb-a19a-5c003d3f163a', 'subject': 'zen:ticket:23', 'time': '2025-04-27T11:31:51.609942706Z', 'type': 'zen:event-type:ticket.type_changed', 'zendesk_event_version': '2022-11-06'}
Received webhook data: {'account_id': 24951610, 'detail': {'actor_id': '12539082960655', 'assignee_id': '12539082960655', 'brand_id': '12539061997583', 'created_at': '2025-04-27T11:31:51Z', 'custom_status': '12539062003087', 'description': '停停停', 'external_id': None, 'form_id': '12539061969679', 'group_id': '12539062008207', 'id': '23', 'is_public': True, 'organization_id': None, 'priority': 'NORMAL', 'requester_id': '12541041488783', 'status': 'OPEN', 'subject': 'Telegram Support - @kowliep', 'submitter_id': '12541041488783', 'tags': ['telegram_support', 'telegram_user_8174074226'], 'type': 'QUESTION', 'updated_at': '2025-04-27T11:31:51Z', 'via': {'channel': 'web_service'}}, 'event': {'current': '12539061997583', 'previous': None}, 'id': 'e528ea9e-28c6-465e-b4b9-e004f3e0a776', 'subject': 'zen:ticket:23', 'time': '2025-04-27T11:31:51.609942706Z', 'type': 'zen:event-type:ticket.brand_changed', 'zendesk_event_version': '2022-11-06'}
Received webhook data: {'account_id': 24951610, 'detail': {'actor_id': '12539082960655', 'assignee_id': '12539082960655', 'brand_id': '12539061997583', 'created_at': '2025-04-27T11:31:51Z', 'custom_status': '12539062003087', 'description': '停停停', 'external_id': None, 'form_id': '12539061969679', 'group_id': '12539062008207', 'id': '23', 'is_public': True, 'organization_id': None, 'priority': 'NORMAL', 'requester_id': '12541041488783', 'status': 'OPEN', 'subject': 'Telegram Support - @kowliep', 'submitter_id': '12541041488783', 'tags': ['telegram_support', 'telegram_user_8174074226'], 'type': 'QUESTION', 'updated_at': '2025-04-27T11:31:51Z', 'via': {'channel': 'web_service'}}, 'event': {'current': '停停停', 'previous': None}, 'id': '95c26192-a5c0-4289-9c66-81bc7dd5c024', 'subject': 'zen:ticket:23', 'time': '2025-04-27T11:31:51.609942706Z', 'type': 'zen:event-type:ticket.description_changed', 'zendesk_event_version': '2022-11-06'}
Received webhook data: {'account_id': 24951610, 'detail': {'actor_id': '12539082960655', 'assignee_id': '12539082960655', 'brand_id': '12539061997583', 'created_at': '2025-04-27T11:31:51Z', 'custom_status': '12539062003087', 'description': '停停停', 'external_id': None, 'form_id': '12539061969679', 'group_id': '12539062008207', 'id': '23', 'is_public': True, 'organization_id': None, 'priority': 'NORMAL', 'requester_id': '12541041488783', 'status': 'OPEN', 'subject': 'Telegram Support - @kowliep', 'submitter_id': '12541041488783', 'tags': ['telegram_support', 'telegram_user_8174074226'], 'type': 'QUESTION', 'updated_at': '2025-04-27T11:31:51Z', 'via': {'channel': 'web_service'}}, 'event': {'current': '12539083047311', 'previous': None}, 'id': '7183e2b7-2041-4f5b-ad2f-591881fcfd53', 'subject': 'zen:ticket:23', 'time': '2025-04-27T11:31:51.609942706Z', 'type': 'zen:event-type:ticket.sla_policy_changed', 'zendesk_event_version': '2022-11-06'}
Received webhook request
Request data: {'account_id': 24951610, 'detail': {'actor_id': '12539082960655', 'assignee_id': '12539082960655', 'brand_id': '12539061997583', 'created_at': '2025-04-27T11:31:51Z', 'custom_status': '12539062003087', 'description': '停停停', 'external_id': None, 'form_id': '12539061969679', 'group_id': '12539062008207', 'id': '23', 'is_public': True, 'organization_id': None, 'priority': 'NORMAL', 'requester_id': '12541041488783', 'status': 'OPEN', 'subject': 'Telegram Support - @kowliep', 'submitter_id': '12541041488783', 'tags': ['telegram_support', 'telegram_user_8174074226'], 'type': 'QUESTION', 'updated_at': '2025-04-27T11:31:51Z', 'via': {'channel': 'web_service'}}, 'event': {'tags_added': ['telegram_support', 'telegram_user_8174074226'], 'tags_removed': []}, 'id': '8e359d7b-670a-4493-8b0e-b1c25f9c5146', 'subject': 'zen:ticket:23', 'time': '2025-04-27T11:31:51.609942706Z', 'type': 'zen:event-type:ticket.tags_changed', 'zendesk_event_version': '2022-11-06'}
Received webhook request
Received webhook request
Received webhook data: {'account_id': 24951610, 'detail': {'actor_id': '12539082960655', 'assignee_id': '12539082960655', 'brand_id': '12539061997583', 'created_at': '2025-04-27T11:31:51Z', 'custom_status': '12539062003087', 'description': '停停停', 'external_id': None, 'form_id': '12539061969679', 'group_id': '12539062008207', 'id': '23', 'is_public': True, 'organization_id': None, 'priority': 'NORMAL', 'requester_id': '12541041488783', 'status': 'OPEN', 'subject': 'Telegram Support - @kowliep', 'submitter_id': '12541041488783', 'tags': ['telegram_support', 'telegram_user_8174074226'], 'type': 'QUESTION', 'updated_at': '2025-04-27T11:31:51Z', 'via': {'channel': 'web_service'}}, 'event': {'tags_added': ['telegram_support', 'telegram_user_8174074226'], 'tags_removed': []}, 'id': '8e359d7b-670a-4493-8b0e-b1c25f9c5146', 'subject': 'zen:ticket:23', 'time': '2025-04-27T11:31:51.609942706Z', 'type': 'zen:event-type:ticket.tags_changed', 'zendesk_event_version': '2022-11-06'}
Request data: {'account_id': 24951610, 'detail': {'actor_id': '12539082960655', 'assignee_id': '12539082960655', 'brand_id': '12539061997583', 'created_at': '2025-04-27T11:31:51Z', 'custom_status': '12539062003087', 'description': '停停停', 'external_id': None, 'form_id': '12539061969679', 'group_id': '12539062008207', 'id': '23', 'is_public': True, 'organization_id': None, 'priority': 'NORMAL', 'requester_id': '12541041488783', 'status': 'OPEN', 'subject': 'Telegram Support - @kowliep', 'submitter_id': '12541041488783', 'tags': ['telegram_support', 'telegram_user_8174074226'], 'type': 'QUESTION', 'updated_at': '2025-04-27T11:31:51Z', 'via': {'channel': 'web_service'}}, 'event': {'current': '12539082960655', 'previous': None}, 'id': '76a57360-a474-4ffb-955b-0d6f0bb27697', 'subject': 'zen:ticket:23', 'time': '2025-04-27T11:31:51.609942706Z', 'type': 'zen:event-type:ticket.agent_assignment_changed', 'zendesk_event_version': '2022-11-06'}
Request data: {'account_id': 24951610, 'detail': {'actor_id': '12539082960655', 'assignee_id': '12539082960655', 'brand_id': '12539061997583', 'created_at': '2025-04-27T11:31:51Z', 'custom_status': '12539062003087', 'description': '停停停', 'external_id': None, 'form_id': '12539061969679', 'group_id': '12539062008207', 'id': '23', 'is_public': True, 'organization_id': None, 'priority': 'NORMAL', 'requester_id': '12541041488783', 'status': 'OPEN', 'subject': 'Telegram Support - @kowliep', 'submitter_id': '12541041488783', 'tags': ['telegram_support', 'telegram_user_8174074226'], 'type': 'QUESTION', 'updated_at': '2025-04-27T11:31:51Z', 'via': {'channel': 'web_service'}}, 'event': {'current': '12539062008207', 'previous': None}, 'id': 'ce5bab3b-c854-4fe0-92b5-98df7b960239', 'subject': 'zen:ticket:23', 'time': '2025-04-27T11:31:51.609942706Z', 'type': 'zen:event-type:ticket.group_assignment_changed', 'zendesk_event_version': '2022-11-06'}
Received webhook data: {'account_id': 24951610, 'detail': {'actor_id': '12539082960655', 'assignee_id': '12539082960655', 'brand_id': '12539061997583', 'created_at': '2025-04-27T11:31:51Z', 'custom_status': '12539062003087', 'description': '停停停', 'external_id': None, 'form_id': '12539061969679', 'group_id': '12539062008207', 'id': '23', 'is_public': True, 'organization_id': None, 'priority': 'NORMAL', 'requester_id': '12541041488783', 'status': 'OPEN', 'subject': 'Telegram Support - @kowliep', 'submitter_id': '12541041488783', 'tags': ['telegram_support', 'telegram_user_8174074226'], 'type': 'QUESTION', 'updated_at': '2025-04-27T11:31:51Z', 'via': {'channel': 'web_service'}}, 'event': {'current': '12539082960655', 'previous': None}, 'id': '76a57360-a474-4ffb-955b-0d6f0bb27697', 'subject': 'zen:ticket:23', 'time': '2025-04-27T11:31:51.609942706Z', 'type': 'zen:event-type:ticket.agent_assignment_changed', 'zendesk_event_version': '2022-11-06'}
Received webhook data: {'account_id': 24951610, 'detail': {'actor_id': '12539082960655', 'assignee_id': '12539082960655', 'brand_id': '12539061997583', 'created_at': '2025-04-27T11:31:51Z', 'custom_status': '12539062003087', 'description': '停停停', 'external_id': None, 'form_id': '12539061969679', 'group_id': '12539062008207', 'id': '23', 'is_public': True, 'organization_id': None, 'priority': 'NORMAL', 'requester_id': '12541041488783', 'status': 'OPEN', 'subject': 'Telegram Support - @kowliep', 'submitter_id': '12541041488783', 'tags': ['telegram_support', 'telegram_user_8174074226'], 'type': 'QUESTION', 'updated_at': '2025-04-27T11:31:51Z', 'via': {'channel': 'web_service'}}, 'event': {'current': '12539062008207', 'previous': None}, 'id': 'ce5bab3b-c854-4fe0-92b5-98df7b960239', 'subject': 'zen:ticket:23', 'time': '2025-04-27T11:31:51.609942706Z', 'type': 'zen:event-type:ticket.group_assignment_changed', 'zendesk_event_version': '2022-11-06'}
Found Telegram ID from user external_id: 8174074226
Skipping comment from requester
Received webhook request
Request data: {'account_id': 24951610, 'detail': {'actor_id': '-1', 'assignee_id': '12539082960655', 'brand_id': '12539061997583', 'created_at': '2025-04-27T11:31:51Z', 'custom_status': '12539062003087', 'description': '停停停', 'external_id': None, 'form_id': '12539061969679', 'group_id': '12539062008207', 'id': '23', 'is_public': True, 'organization_id': None, 'priority': 'NORMAL', 'requester_id': '12541041488783', 'status': 'OPEN', 'subject': 'Telegram Support - @kowliep', 'submitter_id': '12541041488783', 'tags': ['system_email_notification_failure', 'telegram_support', 'telegram_user_8174074226'], 'type': 'QUESTION', 'updated_at': '2025-04-27T11:31:53Z', 'via': {'channel': 'web_service'}}, 'event': {'tags_added': ['system_email_notification_failure'], 'tags_removed': []}, 'id': 'cd22bd9a-6997-4cd3-8182-5a9c0ed62b96', 'subject': 'zen:ticket:23', 'time': '2025-04-27T11:31:53.703044034Z', 'type': 'zen:event-type:ticket.tags_changed', 'zendesk_event_version': '2022-11-06'}
Received webhook data: {'account_id': 24951610, 'detail': {'actor_id': '-1', 'assignee_id': '12539082960655', 'brand_id': '12539061997583', 'created_at': '2025-04-27T11:31:51Z', 'custom_status': '12539062003087', 'description': '停停停', 'external_id': None, 'form_id': '12539061969679', 'group_id': '12539062008207', 'id': '23', 'is_public': True, 'organization_id': None, 'priority': 'NORMAL', 'requester_id': '12541041488783', 'status': 'OPEN', 'subject': 'Telegram Support - @kowliep', 'submitter_id': '12541041488783', 'tags': ['system_email_notification_failure', 'telegram_support', 'telegram_user_8174074226'], 'type': 'QUESTION', 'updated_at': '2025-04-27T11:31:53Z', 'via': {'channel': 'web_service'}}, 'event': {'tags_added': ['system_email_notification_failure'], 'tags_removed': []}, 'id': 'cd22bd9a-6997-4cd3-8182-5a9c0ed62b96', 'subject': 'zen:ticket:23', 'time': '2025-04-27T11:31:53.703044034Z', 'type': 'zen:event-type:ticket.tags_changed', 'zendesk_event_version': '2022-11-06'}
